-- phpMyAdmin SQL Dump
-- version 5.0.4
-- https://www.phpmyadmin.net/
--
-- Máy chủ: 127.0.0.1
-- Thời gian đã tạo: Th1 18, 2021 lúc 11:25 AM
-- Phiên bản máy phục vụ: 10.4.17-MariaDB
-- Phiên bản PHP: 7.4.13

SET SQL_MODE = "NO_AUTO_VALUE_ON_ZERO";
START TRANSACTION;
SET time_zone = "+00:00";


/*!40101 SET @OLD_CHARACTER_SET_CLIENT=@@CHARACTER_SET_CLIENT */;
/*!40101 SET @OLD_CHARACTER_SET_RESULTS=@@CHARACTER_SET_RESULTS */;
/*!40101 SET @OLD_COLLATION_CONNECTION=@@COLLATION_CONNECTION */;
/*!40101 SET NAMES utf8mb4 */;

--
-- Cơ sở dữ liệu: `muaban_pos2`
--

-- --------------------------------------------------------

--
-- Cấu trúc bảng cho bảng `tbl_account_account`
--

CREATE TABLE `tbl_account_account` (
  `id` int(11) UNSIGNED NOT NULL,
  `id_type` int(11) UNSIGNED NOT NULL,
  `id_business` int(11) UNSIGNED NOT NULL,
  `account_username` varchar(100) CHARACTER SET utf8 NOT NULL,
  `account_password` varchar(100) CHARACTER SET utf8 NOT NULL,
  `account_fullname` varchar(50) CHARACTER SET utf8 NOT NULL,
  `account_email` varchar(100) CHARACTER SET utf8 DEFAULT NULL,
  `account_phone` varchar(20) CHARACTER SET utf8 DEFAULT NULL,
  `account_status` enum('Y','N') CHARACTER SET utf8 NOT NULL DEFAULT 'Y',
  `force_sign_out` enum('0','1') NOT NULL
) ENGINE=InnoDB DEFAULT CHARSET=utf8mb4;

--
-- Đang đổ dữ liệu cho bảng `tbl_account_account`
--

INSERT INTO `tbl_account_account` (`id`, `id_type`, `id_business`, `account_username`, `account_password`, `account_fullname`, `account_email`, `account_phone`, `account_status`, `force_sign_out`) VALUES
(1, 1, 1, 'admin', 'e10adc3949ba59abbe56e057f20f883e', 'ABC', 'ABC@gmail.com', '0808080', 'Y', '0'),
(2, 2, 1, 'order', 'e10adc3949ba59abbe56e057f20f883e', 'ABD', 'ABD@gmail.com', '090909', 'Y', '0'),
(3, 3, 1, 'bep', 'e10adc3949ba59abbe56e057f20f883e', 'ABE', 'ABE@gmail.com', '0707070', 'Y', '0'),
(4, 1, 1, 'canhdinh', 'e10adc3949ba59abbe56e057f20f883e', 'Cảnh Dinh', 'dinh@gmail.com', '0909090909', 'Y', '0'),
(6, 1, 2, 'admin', 'e10adc3949ba59abbe56e057f20f883e', 'Anh Em', 'anhgmail.com', '1234677', 'Y', '1'),
(7, 2, 2, 'order', 'e10adc3949ba59abbe56e057f20f883e', 'Order', 'anhgmail.com', '1234677', 'Y', '0'),
(8, 1, 3, 'admin', 'e10adc3949ba59abbe56e057f20f883e', 'admin CHP', 'ABC@gmail.com', '0808080888', 'Y', '1'),
(9, 1, 3, 'order', 'e10adc3949ba59abbe56e057f20f883e', 'Order CHP', 'ABD@gmail.com', '0909094646', 'Y', '0'),
(10, 3, 3, 'bep', 'e10adc3949ba59abbe56e057f20f883e', 'Bep CHP', 'ABE@gmail.com', '0707070', 'Y', '0'),
(11, 1, 4, 'admin', 'e10adc3949ba59abbe56e057f20f883e', 'Admin CHX', 'anhgmail.com', '1234677', 'Y', '0'),
(12, 2, 4, 'order', 'e10adc3949ba59abbe56e057f20f883e', 'Order CHX', 'anhgmail.com', '1234677', 'Y', '0'),
(13, 1, 1, 'NVA', 'e10adc3949ba59abbe56e057f20f883e', 'Nguyễn Văn A', '', '123456789', 'Y', '0');

-- --------------------------------------------------------

--
-- Cấu trúc bảng cho bảng `tbl_account_authorize`
--

CREATE TABLE `tbl_account_authorize` (
  `id` int(11) UNSIGNED NOT NULL,
  `id_admin` int(11) UNSIGNED NOT NULL,
  `grant_permission` int(11) UNSIGNED NOT NULL,
  `id_business` int(11) UNSIGNED NOT NULL
) ENGINE=InnoDB DEFAULT CHARSET=utf8mb4;

--
-- Đang đổ dữ liệu cho bảng `tbl_account_authorize`
--

INSERT INTO `tbl_account_authorize` (`id`, `id_admin`, `grant_permission`, `id_business`) VALUES
(2, 2, 2, 1),
(3, 3, 3, 1),
(16, 4, 1, 1),
(17, 4, 2, 1),
(18, 4, 3, 1),
(19, 4, 4, 1),
(28, 1, 4, 1),
(29, 1, 2, 1),
(33, 1, 1, 1),
(34, 1, 3, 1),
(35, 1, 5, 1),
(36, 1, 6, 1),
(98, 6, 1, 2),
(99, 6, 2, 2),
(100, 6, 3, 2),
(101, 6, 4, 2),
(102, 6, 5, 2),
(103, 6, 6, 2),
(105, 8, 1, 3),
(106, 8, 2, 3),
(107, 8, 3, 3),
(108, 8, 4, 3),
(109, 8, 5, 3),
(110, 8, 6, 3),
(111, 9, 3, 3),
(112, 9, 4, 3),
(113, 9, 5, 3);

-- --------------------------------------------------------

--
-- Cấu trúc bảng cho bảng `tbl_account_permission`
--

CREATE TABLE `tbl_account_permission` (
  `id` int(11) UNSIGNED NOT NULL,
  `permission` varchar(100) NOT NULL,
  `description` text NOT NULL
) ENGINE=InnoDB DEFAULT CHARSET=utf8mb4;

--
-- Đang đổ dữ liệu cho bảng `tbl_account_permission`
--

INSERT INTO `tbl_account_permission` (`id`, `permission`, `description`) VALUES
(1, 'module_product', 'Quản lý sản phẩm'),
(2, 'module_employee', 'Quản lý nhân viên'),
(3, 'module_order', 'Quản lý đơn hàng'),
(4, 'module_customer', 'Quản lý khách hàng'),
(5, 'module_floor', 'Quản lý tầng'),
(6, 'module_force', 'Cưỡng chế đăng xuất');

-- --------------------------------------------------------

--
-- Cấu trúc bảng cho bảng `tbl_account_type`
--

CREATE TABLE `tbl_account_type` (
  `id` int(11) UNSIGNED NOT NULL,
  `type_account` varchar(100) NOT NULL,
  `description` text NOT NULL,
  `id_business` int(11) UNSIGNED NOT NULL
) ENGINE=InnoDB DEFAULT CHARSET=utf8mb4;

--
-- Đang đổ dữ liệu cho bảng `tbl_account_type`
--

INSERT INTO `tbl_account_type` (`id`, `type_account`, `description`, `id_business`) VALUES
(1, 'admin', 'Nhân Viên Quản Lý', 1),
(2, 'order', 'Nhân Viên Bán Hàng', 1),
(3, 'chef', 'Nhân Viên Bếp', 1);

-- --------------------------------------------------------

--
-- Cấu trúc bảng cho bảng `tbl_app_deploy`
--

CREATE TABLE `tbl_app_deploy` (
  `id` int(11) UNSIGNED NOT NULL,
  `live_version` int(11) UNSIGNED NOT NULL
) ENGINE=InnoDB DEFAULT CHARSET=utf8mb4;

-- --------------------------------------------------------

--
-- Cấu trúc bảng cho bảng `tbl_business_model`
--

CREATE TABLE `tbl_business_model` (
  `id` int(11) UNSIGNED NOT NULL,
  `business_model` enum('L','S') CHARACTER SET utf8 NOT NULL
) ENGINE=InnoDB DEFAULT CHARSET=utf8mb4;

--
-- Đang đổ dữ liệu cho bảng `tbl_business_model`
--

INSERT INTO `tbl_business_model` (`id`, `business_model`) VALUES
(1, 'L'),
(2, 'S');

-- --------------------------------------------------------

--
-- Cấu trúc bảng cho bảng `tbl_business_store`
--

CREATE TABLE `tbl_business_store` (
  `id` int(11) UNSIGNED NOT NULL,
  `id_business_model` int(11) NOT NULL,
  `store_name` varchar(100) NOT NULL,
  `store_code` varchar(100) NOT NULL,
  `store_phone` varchar(20) NOT NULL,
  `store_address` varchar(300) NOT NULL,
  `store_prefix` varchar(100) CHARACTER SET utf8 NOT NULL,
  `store_created` date NOT NULL,
  `store_expired` date NOT NULL
) ENGINE=InnoDB DEFAULT CHARSET=utf8mb4;

--
-- Đang đổ dữ liệu cho bảng `tbl_business_store`
--

INSERT INTO `tbl_business_store` (`id`, `id_business_model`, `store_name`, `store_code`, `store_phone`, `store_address`, `store_prefix`, `store_created`, `store_expired`) VALUES
(1, 1, 'Cửa hàng bánh mì', 'BM', '0909090', 'adsfadfadf', 'BM', '0000-00-00', '0000-00-00'),
(2, 2, 'Cửa hàng bún', 'CHB', '09050504', 'phan văn trị', 'CHB', '2020-12-01', '2020-12-03'),
(3, 1, 'Cửa hàng Phở', 'CHP', '0997653254', 'Bình Dương', 'CHP', '2021-01-11', '0000-00-00'),
(4, 2, 'Cửa hàng Xôi', 'CHX', '0876727828', 'Bình Thạnh', 'CHX', '2021-01-11', '2021-02-28');

-- --------------------------------------------------------

--
-- Cấu trúc bảng cho bảng `tbl_customer_customer`
--

CREATE TABLE `tbl_customer_customer` (
  `id` int(11) UNSIGNED NOT NULL,
  `id_business` int(11) UNSIGNED NOT NULL,
  `id_account` int(11) UNSIGNED NOT NULL,
  `customer_code` varchar(100) CHARACTER SET utf8 NOT NULL,
  `customer_name` varchar(100) CHARACTER SET utf8 NOT NULL,
  `customer_phone` varchar(20) CHARACTER SET utf8 DEFAULT NULL,
  `customer_sex` enum('male','female','comp') CHARACTER SET utf8 NOT NULL DEFAULT 'male',
  `customer_email` varchar(100) CHARACTER SET utf8 DEFAULT NULL,
  `customer_birthday` date DEFAULT NULL,
  `customer_address` varchar(300) CHARACTER SET utf8 NOT NULL,
  `customer_point` varchar(100) CHARACTER SET utf8 NOT NULL DEFAULT '0',
  `customer_taxcode` varchar(50) CHARACTER SET utf8 DEFAULT NULL
) ENGINE=InnoDB DEFAULT CHARSET=utf8mb4;

--
-- Đang đổ dữ liệu cho bảng `tbl_customer_customer`
--

INSERT INTO `tbl_customer_customer` (`id`, `id_business`, `id_account`, `customer_code`, `customer_name`, `customer_phone`, `customer_sex`, `customer_email`, `customer_birthday`, `customer_address`, `customer_point`, `customer_taxcode`) VALUES
(1, 1, 2, 'ACfufucucu', 'chi Ngọc Diễm', '0879797899', 'female', 'aaaaaaaa', '1998-12-02', 'Hồ Chí Minh', '9155', '1111111'),
(2, 1, 2, 'CanhDinh', 'Anh Dinh', '123456', 'male', 'fffffff', NULL, 'adfafaf', '5390', '123'),
(3, 1, 2, 'AD', 'a ', '1231213', 'male', '2020-12-31', '2020-12-31', 'adfafaf', '500', NULL),
(4, 1, 2, 'AD', 'a DInh', '05050505', 'male', 'fffffff', NULL, 'adfafaf', '1200', NULL),
(6, 1, 2, 'ttt', 'M L', '125398', 'male', '2021-01-04', '2021-01-04', 'hcychvh', '1300', 'gxtcg g g'),
(8, 1, 1, 'hh', 'Phung Quoc Minh Khanh', '0336819000', 'male', 'khanh@minhkhanh.com', NULL, 'Califonia', '3600', '1111'),
(9, 1, 1, 'hh', 'h&acirc;n', '132465789', 'male', 'han@minhkhanh.com', NULL, 'Califonia', '2600', '1111'),
(10, 1, 1, 'hh', 'Phung Quoc Minh Khanh', '0336819000', 'male', 'khanh@minhkhanh.com', NULL, 'Califonia', '2000', '1111'),
(11, 1, 2, 'BMKH09213876', 'a T&acirc;m', '0335506678', 'male', 'tam@gmail.com', NULL, 'Thủ Đức', '3260', '123456789'),
(12, 1, 2, 'BMKH09223858', 'a dinh d', '05050505000', 'male', 'fffffff', NULL, 'adfafaf', '1700', '99999999999999999'),
(13, 1, 2, 'BMKH09294576', 'a dinh', '05050505', 'male', 'fffffff', NULL, 'adfafaf', '1900', '99999999999999999'),
(14, 1, 2, 'BMKH09318588', 'a T&acirc;m', '0335506678', 'male', 'tam@gmail.com', NULL, 'Thủ Đức', '1800', '123456789'),
(20, 1, 2, 'BMKH09319535', 'Xu&acirc;n T&acirc;m,', '039952126', 'male', 'tam@gmail.com', NULL, 'Thủ Đức', '2100', '123456789'),
(23, 1, 3, 'BMKH09380369', 'Dinh Cảnh', '039933135', 'male', 'dinh@gmail.com', '1995-02-25', 'B&igrave;nh Thạnh', '3055', '18001800'),
(24, 1, 3, 'BMKH09408506', 'Ngọc Diễm', '0339933723', 'female', 'diem@gmail.com', '1995-02-25', 'Bình Chánh', '3100', '17001700'),
(25, 1, 2, 'BMKH09745968', 'Ngọc diễm', '090977777', 'male', NULL, NULL, '', '6560', NULL),
(26, 2, 7, 'CHBKH10181693', 'dinh', '0975469232', 'male', NULL, NULL, '', '250', NULL),
(27, 1, 2, 'BMKH10336477', 'qtctek', '09123456789', 'male', NULL, NULL, '', '135', NULL),
(28, 3, 9, 'CHPKH10337009', 'Khách vãng lai', '123456789', 'male', NULL, NULL, '', '0', NULL),
(29, 3, 9, 'CHPKH10339468', 'Vu Duc Son', '0373412234', 'male', 'vuducson197@gmail.com', NULL, '14/16', '0', NULL),
(30, 1, 2, 'BMKH10418062', 'Nguyen Van A', '01215687393', 'male', NULL, NULL, '', '70', NULL),
(31, 1, 2, 'BMKH10418796', 'Lai Hop Hieu', '0972536896', 'male', NULL, NULL, 'Không có địa chỉ', '2790', NULL),
(32, 1, 2, 'BMKH10426831', 'qtctek1yu', '0852085208566', 'male', 'cghhhhchu', NULL, 'bhhvhhhh', '0', '468909vhh vj'),
(33, 1, 2, 'BMKH10431749', 'tâm', '0372058871', 'male', NULL, NULL, 'hcm', '0', NULL),
(34, 1, 2, 'BMKH10432202', 'nha', '00000000', 'male', NULL, NULL, 'Không có địa chỉ', '105', NULL),
(35, 1, 2, 'BMKH10441351', 'Le Hoang Huy', '0389639623', 'male', NULL, NULL, '', '1085', NULL),
(36, 1, 2, 'BMKH10443936', 'y', '66668888', 'male', NULL, NULL, '', '0', NULL);

-- --------------------------------------------------------

--
-- Cấu trúc bảng cho bảng `tbl_customer_point`
--

CREATE TABLE `tbl_customer_point` (
  `id` int(11) UNSIGNED NOT NULL,
  `id_business` int(11) UNSIGNED NOT NULL,
  `customer_level` varchar(100) CHARACTER SET utf8 NOT NULL,
  `customer_point` varchar(100) CHARACTER SET utf8 NOT NULL,
  `customer_discount` varchar(100) CHARACTER SET utf8 NOT NULL,
  `customer_description` text NOT NULL
) ENGINE=InnoDB DEFAULT CHARSET=utf8mb4;

--
-- Đang đổ dữ liệu cho bảng `tbl_customer_point`
--

INSERT INTO `tbl_customer_point` (`id`, `id_business`, `customer_level`, `customer_point`, `customer_discount`, `customer_description`) VALUES
(1, 1, 'Cấp độ vip', '1000', '10', 'vip'),
(2, 1, 'Cấp độ thường', '500', '15', 'bbbbbb'),
(3, 1, 'Cấp độ premium', '1500', '20', ''),
(4, 1, 'Cấp độ silver', '2000', '25', ''),
(5, 1, 'Cấp độ diamon', '3000', '30', ''),
(8, 1, 'Cấp độ củ chuối', '200', '3', 'Bạn nên thường xuyên ghé cửa hàng của chúng tối để tích điểm nhiều hơn'),
(9, 1, 'Gà', '20000', '40', 'Gà con'),
(10, 2, 'Đồng', '500', '5', ''),
(11, 2, 'Vàng', '1500', '15', ''),
(12, 2, 'Bạc', '1000', '10', ''),
(13, 3, 'Đồng', '100', '2', 'Đồng đoàn'),
(14, 3, 'Bạc', '200', '3', 'Bạc đoàn');

-- --------------------------------------------------------

--
-- Cấu trúc bảng cho bảng `tbl_order_detail`
--

CREATE TABLE `tbl_order_detail` (
  `id` int(11) UNSIGNED NOT NULL,
  `id_order` int(11) UNSIGNED NOT NULL,
  `id_product` int(11) UNSIGNED NOT NULL,
  `detail_extra` varchar(50) NOT NULL,
  `detail_quantity` varchar(100) NOT NULL,
  `detail_cost` varchar(100) CHARACTER SET utf8 NOT NULL,
  `detail_status` enum('Y','N','C') NOT NULL,
  `detail_view` enum('Y','N') NOT NULL DEFAULT 'N',
  `id_business` int(11) UNSIGNED NOT NULL
) ENGINE=InnoDB DEFAULT CHARSET=utf8mb4;

--
-- Đang đổ dữ liệu cho bảng `tbl_order_detail`
--

INSERT INTO `tbl_order_detail` (`id`, `id_order`, `id_product`, `detail_extra`, `detail_quantity`, `detail_cost`, `detail_status`, `detail_view`, `id_business`) VALUES
(364, 144, 5, '', '1', '3000', 'Y', 'Y', 1),
(365, 144, 4, '', '1', '3000', 'Y', 'Y', 1),
(366, 144, 7, '', '1', '3000', 'C', 'Y', 1),
(367, 145, 1, '2,3', '1', '30000', 'Y', 'Y', 1),
(377, 149, 14, '3', '1', '20000', 'Y', 'Y', 1),
(384, 152, 1, '2', '1', '20000', 'Y', 'Y', 1),
(385, 152, 14, '4', '1', '13000', 'Y', 'Y', 1),
(386, 152, 5, '', '1', '3000', 'Y', 'Y', 1),
(387, 152, 2, '', '1', '10000', 'Y', 'Y', 1),
(388, 153, 14, '6,7,13', '1', '26000', 'Y', 'Y', 1),
(389, 145, 4, '', '1', '3000', 'Y', 'Y', 1),
(390, 145, 5, '', '1', '3000', 'Y', 'Y', 1),
(391, 154, 1, '3', '1', '20000', 'Y', 'Y', 1),
(404, 159, 1, '2,3,4', '2', '10000', 'N', 'Y', 1),
(405, 159, 1, '3,2', '3', '50000', 'N', 'Y', 1),
(406, 159, 3, '', '3', '25000', 'N', 'Y', 1),
(407, 160, 6, '', '1', '3000', 'Y', 'Y', 1),
(408, 160, 7, '', '1', '3000', 'Y', 'Y', 1),
(409, 161, 7, '', '1', '3000', 'Y', 'Y', 1),
(410, 161, 1, '3', '1', '20000', 'Y', 'Y', 1),
(411, 162, 14, '7', '1', '13000', 'Y', 'Y', 1),
(412, 162, 14, '14', '1', '20000', 'Y', 'Y', 1),
(413, 163, 14, '14', '1', '20000', 'Y', 'Y', 1),
(414, 163, 7, '', '1', '3000', 'Y', 'Y', 1),
(415, 164, 5, '', '1', '3000', 'C', 'Y', 1),
(416, 164, 14, '14', '1', '20000', 'C', 'Y', 1),
(417, 165, 1, '2,3', '1', '30000', 'Y', 'Y', 1),
(418, 165, 6, '', '1', '3000', 'Y', 'Y', 1),
(419, 165, 7, '', '1', '3000', 'Y', 'Y', 1),
(420, 166, 14, '6', '1', '13000', 'C', 'Y', 1),
(421, 166, 14, '14', '1', '20000', 'C', 'Y', 1),
(422, 166, 14, '7,13', '1', '113000', 'Y', 'Y', 1),
(423, 167, 7, '', '1', '3000', 'Y', 'Y', 1),
(424, 167, 5, '', '1', '3000', 'Y', 'Y', 1),
(425, 167, 2, '', '1', '10000', 'Y', 'Y', 1),
(426, 168, 6, '', '1', '3000', 'Y', 'Y', 1),
(427, 169, 14, '6', '1', '13000', 'Y', 'Y', 1),
(428, 170, 13, '1,2,3', '1', '130000', 'Y', 'Y', 1),
(429, 171, 13, '2', '1', '110000', 'C', 'Y', 1),
(430, 171, 13, '3', '1', '110000', 'C', 'Y', 1),
(431, 172, 14, '6,7', '1', '16000', 'C', 'Y', 1),
(432, 172, 13, '3', '1', '110000', 'C', 'Y', 1),
(433, 173, 13, '', '1', '100000', 'C', 'Y', 1),
(434, 174, 13, '', '1', '100000', 'Y', 'Y', 1),
(435, 175, 5, '', '1', '3000', 'C', 'Y', 1),
(436, 176, 13, '2', '1', '110000', 'Y', 'Y', 1),
(437, 177, 13, '3', '1', '110000', 'Y', 'Y', 1),
(438, 178, 5, '', '1', '3000', 'Y', 'Y', 1),
(439, 179, 2, '', '1', '10000', 'C', 'Y', 1),
(440, 180, 1, '3', '1', '20000', 'Y', 'Y', 1),
(441, 181, 13, '3', '3', '110000', 'Y', 'Y', 1),
(442, 182, 14, '14', '1', '20000', 'Y', 'Y', 1),
(443, 182, 6, '', '1', '3000', 'C', 'Y', 1),
(444, 183, 13, '3', '1', '110000', 'Y', 'Y', 1),
(445, 184, 2, '', '1', '10000', 'C', 'Y', 1),
(446, 185, 13, '', '1', '100000', 'C', 'Y', 1),
(447, 186, 3, '', '1', '10000', 'C', 'Y', 1),
(448, 186, 5, '', '1', '3000', 'Y', 'Y', 1),
(449, 186, 15, '7', '1', '23000', 'Y', 'Y', 1),
(450, 178, 5, '', '1', '3000', 'Y', 'Y', 1),
(451, 178, 15, '15', '1', '40000', 'Y', 'Y', 1),
(452, 176, 3, '', '1', '10000', 'Y', 'Y', 1),
(453, 176, 2, '', '1', '10000', 'Y', 'Y', 1),
(454, 176, 1, '', '1', '10000', 'Y', 'Y', 1),
(455, 187, 15, '14', '1', '30000', 'Y', 'Y', 1),
(456, 187, 16, '', '1', '12000', 'Y', 'Y', 1),
(457, 188, 16, '', '1', '12000', 'Y', 'Y', 1),
(458, 188, 15, '13', '1', '120000', 'Y', 'Y', 1),
(459, 189, 15, '15', '1', '40000', 'Y', 'Y', 1),
(460, 189, 5, '', '1', '3000', 'Y', 'Y', 1),
(461, 190, 17, '', '1', '35000', 'Y', 'Y', 1),
(462, 191, 16, '', '1', '12000', 'Y', 'Y', 1),
(463, 192, 14, '14', '1', '20000', 'Y', 'Y', 1),
(464, 193, 15, '', '1', '20000', 'Y', 'Y', 1),
(465, 194, 16, '', '1', '12000', 'C', 'Y', 1),
(466, 194, 17, '', '1', '35000', 'C', 'Y', 1),
(467, 195, 17, '', '1', '35000', 'Y', 'Y', 1),
(468, 195, 16, '', '1', '12000', 'Y', 'Y', 1),
(469, 196, 16, '', '1', '12000', 'C', 'Y', 1),
(470, 196, 19, '', '1', '12000', 'C', 'Y', 1),
(471, 197, 19, '15', '1', '32000', 'Y', 'Y', 1),
(472, 197, 16, '', '1', '12000', 'C', 'Y', 1),
(473, 198, 16, '', '1', '12000', 'C', 'Y', 1),
(474, 198, 19, '15', '1', '32000', 'Y', 'Y', 1),
(475, 183, 19, '14', '1', '22000', 'Y', 'Y', 1),
(476, 199, 19, '6', '1', '15000', 'Y', 'Y', 1),
(477, 199, 16, '', '1', '12000', 'C', 'Y', 1),
(478, 200, 15, '14', '1', '30000', 'Y', 'Y', 1),
(479, 201, 16, '', '1', '12000', 'Y', 'Y', 1),
(480, 201, 19, '14', '1', '22000', 'Y', 'Y', 1),
(481, 201, 15, '', '1', '20000', 'C', 'Y', 1),
(482, 202, 16, '', '1', '12000', 'C', 'Y', 1),
(483, 202, 19, '', '1', '12000', 'Y', 'Y', 1),
(484, 193, 19, '', '1', '12000', 'C', 'Y', 1),
(485, 193, 16, '', '1', '12000', 'Y', 'Y', 1),
(486, 203, 19, '14', '1', '22000', 'Y', 'Y', 1),
(487, 204, 19, '6,7', '1', '18000', 'C', 'Y', 1),
(488, 204, 19, '6', '1', '15000', 'C', 'Y', 1),
(489, 204, 19, '13', '1', '112000', 'C', 'Y', 1),
(490, 204, 19, '14', '1', '22000', 'C', 'Y', 1),
(491, 204, 19, '15', '1', '32000', 'C', 'Y', 1),
(492, 204, 19, '6,13', '1', '115000', 'C', 'Y', 1),
(493, 204, 19, '13,14', '1', '122000', 'C', 'Y', 1),
(494, 204, 19, '13,14,15', '1', '142000', 'C', 'Y', 1),
(495, 204, 19, '6,7,13,14', '1', '128000', 'C', 'Y', 1),
(496, 204, 16, '', '1', '12000', 'C', 'Y', 1),
(497, 205, 19, '6', '1', '15000', 'C', 'Y', 1),
(498, 205, 19, '7', '1', '15000', 'C', 'Y', 1),
(499, 205, 19, '13', '1', '112000', 'C', 'Y', 1),
(500, 205, 19, '14', '1', '22000', 'C', 'Y', 1),
(501, 205, 19, '15', '1', '32000', 'C', 'Y', 1),
(502, 205, 19, '6,7', '1', '18000', 'C', 'Y', 1),
(503, 205, 19, '6,7,13', '1', '118000', 'C', 'Y', 1),
(504, 205, 19, '6,7,14', '1', '28000', 'C', 'Y', 1),
(505, 205, 19, '14,15', '1', '42000', 'C', 'Y', 1),
(506, 206, 19, '6', '1', '15000', 'C', 'Y', 1),
(507, 206, 16, '', '1', '12000', 'Y', 'Y', 1),
(508, 206, 15, '15', '1', '40000', 'Y', 'Y', 1),
(509, 206, 14, '14', '1', '20000', 'Y', 'Y', 1),
(510, 206, 4, '', '1', '30000', 'C', 'Y', 1),
(511, 206, 1, '2', '1', '20000', 'C', 'Y', 1),
(512, 206, 2, '', '1', '10000', 'C', 'Y', 1),
(513, 207, 1, '2,3,4', '2', '10000', 'Y', 'Y', 1),
(514, 207, 1, '3,2', '3', '50000', 'Y', 'Y', 1),
(515, 207, 3, '', '3', '25000', 'Y', 'Y', 1),
(516, 208, 7, '', '1', '3000', 'C', 'Y', 1),
(517, 208, 14, '13', '1', '110000', 'Y', 'Y', 1),
(518, 209, 5, '', '1', '3000', 'Y', 'Y', 1),
(519, 209, 6, '', '1', '3000', 'Y', 'Y', 1),
(520, 209, 14, '13,14', '1', '120000', 'Y', 'Y', 1),
(521, 210, 14, '13,14', '1', '120000', 'C', 'Y', 1),
(522, 210, 7, '', '1', '3000', 'Y', 'Y', 1),
(523, 211, 16, '', '1', '12000', 'Y', 'Y', 1),
(524, 211, 19, '14,13', '1', '122000', 'Y', 'Y', 1),
(525, 212, 14, '13', '1', '110000', 'Y', 'Y', 1),
(526, 212, 19, '14,13', '1', '122000', 'Y', 'Y', 1),
(527, 213, 16, '', '1', '12000', 'Y', 'Y', 1),
(528, 213, 19, '13,14,15', '1', '142000', 'Y', 'Y', 1),
(529, 214, 19, '6,7', '1', '18000', 'Y', 'Y', 1),
(530, 214, 1, '2,3', '1', '30000', 'Y', 'Y', 1),
(531, 214, 16, '', '1', '12000', 'Y', 'Y', 1),
(532, 214, 4, '', '1', '30000', 'C', 'Y', 1),
(533, 214, 19, '7,13,14,15', '1', '145000', 'Y', 'Y', 1),
(534, 215, 16, '', '1', '12000', 'Y', 'Y', 1),
(535, 215, 19, '13,14,15', '1', '142000', 'Y', 'Y', 1),
(536, 216, 14, '13,14', '1', '120000', 'Y', 'Y', 1),
(537, 216, 19, '13,14,15', '1', '142000', 'Y', 'Y', 1),
(538, 217, 16, '', '1', '12000', 'Y', 'Y', 1),
(539, 217, 19, '13,14,15', '1', '142000', 'Y', 'Y', 1),
(540, 217, 7, '', '1', '3000', 'Y', 'Y', 1),
(541, 217, 6, '', '1', '3000', 'Y', 'Y', 1),
(542, 217, 5, '', '1', '3000', 'Y', 'Y', 1),
(543, 217, 6, '', '1', '3000', 'C', 'Y', 1),
(544, 217, 6, '', '2', '3000', 'Y', 'Y', 1),
(545, 217, 16, '', '1', '12000', 'Y', 'Y', 1),
(546, 164, 19, '13,14,15', '1', '142000', 'Y', 'Y', 1),
(547, 218, 16, '', '2', '12000', 'N', 'Y', 1),
(548, 218, 19, '13,14,15', '1', '142000', 'N', 'Y', 1),
(549, 219, 16, '', '1', '12000', 'Y', 'Y', 1),
(550, 219, 19, '6,7', '1', '18000', 'Y', 'Y', 1),
(551, 220, 16, '', '1', '12000', 'Y', 'Y', 1),
(552, 221, 16, '', '1', '12000', 'Y', 'Y', 1),
(553, 222, 19, '6', '1', '15000', 'Y', 'Y', 1),
(554, 223, 19, '14', '1', '22000', 'Y', 'Y', 1),
(555, 224, 16, '', '1', '12000', 'Y', 'Y', 1),
(556, 175, 19, '13', '1', '112000', 'Y', 'Y', 1),
(557, 225, 16, '', '1', '12000', 'Y', 'Y', 1),
(558, 225, 19, '13,14,15', '1', '142000', 'C', 'Y', 1),
(559, 226, 14, '13,14', '1', '120000', 'Y', 'Y', 1),
(560, 226, 16, '', '1', '12000', 'Y', 'Y', 1),
(561, 227, 7, '', '1', '3000', 'C', 'Y', 1),
(562, 227, 15, '15', '1', '40000', 'Y', 'Y', 1),
(563, 227, 16, '', '1', '12000', 'Y', 'Y', 1),
(564, 227, 19, '13,14,15', '1', '142000', 'Y', 'Y', 1),
(565, 228, 14, '', '1', '10000', 'C', 'Y', 1),
(566, 228, 16, '', '1', '12000', 'C', 'Y', 1),
(567, 228, 19, '13,14,15', '1', '142000', 'C', 'Y', 1),
(568, 229, 16, '', '1', '12000', 'Y', 'Y', 1),
(569, 229, 15, '15', '1', '40000', 'Y', 'Y', 1),
(570, 230, 16, '', '1', '12000', 'Y', 'Y', 1),
(571, 230, 19, '14,13,15', '1', '142000', 'Y', 'Y', 1),
(572, 231, 5, '', '1', '3000', 'Y', 'Y', 1),
(573, 231, 13, '2,3', '1', '120000', 'Y', 'Y', 1),
(574, 232, 19, '6', '1', '15000', 'Y', 'Y', 1),
(575, 232, 16, '', '1', '12000', 'Y', 'Y', 1),
(576, 232, 15, '6', '1', '23000', 'Y', 'Y', 1),
(577, 232, 14, '6', '1', '13000', 'Y', 'Y', 1),
(578, 233, 13, '1', '1', '110000', 'Y', 'Y', 1),
(579, 233, 16, '', '1', '12000', 'Y', 'Y', 1),
(580, 233, 15, '15', '1', '40000', 'Y', 'Y', 1),
(581, 234, 14, '14', '1', '20000', 'Y', 'Y', 1),
(582, 234, 16, '', '1', '12000', 'Y', 'Y', 1),
(583, 235, 15, '6', '1', '23000', 'Y', 'Y', 1),
(584, 235, 7, '', '1', '3000', 'Y', 'Y', 1),
(585, 236, 14, '6', '1', '13000', 'Y', 'Y', 1),
(586, 236, 13, '3', '1', '110000', 'Y', 'Y', 1),
(587, 237, 19, '14', '1', '22000', 'N', 'Y', 1),
(588, 238, 19, '14,13', '1', '122000', 'N', 'Y', 1),
(589, 239, 19, '13', '1', '112000', 'N', 'Y', 1),
(590, 240, 19, '13,14,15', '1', '142000', 'N', 'Y', 1),
(591, 241, 16, '', '1', '12000', 'Y', 'Y', 1),
(592, 242, 14, '', '1', '10000', 'Y', 'Y', 1),
(593, 242, 19, '13,14,15', '1', '142000', 'Y', 'Y', 1),
(594, 243, 16, '', '1', '12000', 'Y', 'Y', 1),
(595, 243, 14, '14,13', '1', '120000', 'Y', 'Y', 1),
(596, 244, 19, '13,14,15', '1', '142000', 'Y', 'Y', 1),
(597, 245, 16, '', '1', '12000', 'Y', 'Y', 1),
(598, 245, 19, '13,14,15', '1', '142000', 'Y', 'Y', 1),
(599, 246, 19, '6,7', '1', '18000', 'Y', 'Y', 1),
(600, 246, 16, '', '1', '12000', 'Y', 'Y', 1),
(601, 246, 15, '14,15', '1', '50000', 'Y', 'Y', 1),
(602, 247, 16, '', '1', '12000', 'Y', 'Y', 1),
(603, 247, 19, '13,14,15', '1', '142000', 'Y', 'Y', 1),
(604, 248, 16, '', '1', '12000', 'Y', 'Y', 1),
(605, 249, 13, '3', '1', '110000', 'Y', 'Y', 1),
(606, 249, 15, '6,7', '2', '26000', 'Y', 'Y', 1),
(607, 250, 14, '14,13', '1', '120000', 'Y', 'Y', 1),
(608, 250, 16, '', '1', '12000', 'Y', 'Y', 1),
(612, 252, 19, '15,14', '1', '42000', 'Y', 'Y', 1),
(613, 252, 15, '13,14,15', '2', '150000', 'Y', 'Y', 1),
(614, 253, 19, '15,14', '1', '42000', 'Y', 'Y', 1),
(615, 252, 19, '15', '1', '32000', 'Y', 'Y', 1),
(629, 255, 16, '', '1', '12000', 'Y', 'Y', 1),
(630, 255, 19, '', '1', '12000', 'Y', 'Y', 1),
(636, 256, 19, '15,14', '1', '42000', 'Y', 'Y', 1),
(641, 257, 16, '', '1', '12000', 'Y', 'Y', 1),
(642, 257, 19, '', '1', '12000', 'Y', 'Y', 1),
(643, 257, 15, '', '1', '20000', 'Y', 'Y', 1),
(644, 257, 14, '', '1', '10000', 'Y', 'Y', 1),
(649, 259, 19, '15,14', '1', '42000', 'Y', 'Y', 1),
(650, 260, 15, '15,14', '1', '50000', 'Y', 'Y', 1),
(653, 254, 21, '', '1', '3000', 'N', 'N', 2),
(654, 254, 20, '', '1', '10000', 'N', 'N', 2),
(655, 261, 19, '15,14', '1', '42000', 'Y', 'Y', 1),
(656, 262, 19, '15,14', '1', '42000', 'Y', 'Y', 1),
(657, 263, 16, '', '1', '12000', 'Y', 'Y', 1),
(658, 254, 21, '', '1', '3000', 'N', 'N', 2),
(659, 254, 20, '', '1', '10000', 'N', 'N', 2),
(660, 254, 21, '', '1', '3000', 'N', 'N', 2),
(661, 254, 20, '', '1', '10000', 'N', 'N', 2),
(662, 254, 21, '', '1', '3000', 'N', 'N', 2),
(663, 254, 20, '', '1', '10000', 'N', 'N', 2),
(664, 254, 21, '', '1', '3000', 'N', 'N', 2),
(665, 254, 20, '', '1', '10000', 'N', 'N', 2),
(666, 254, 21, '', '1', '3000', 'N', 'N', 2),
(667, 254, 20, '', '1', '10000', 'N', 'N', 2),
(672, 264, 21, '', '2', '3000', 'N', 'N', 2),
(673, 264, 20, '', '2', '10000', 'N', 'N', 2),
(674, 265, 21, '', '1', '3000', 'N', 'N', 2),
(675, 265, 20, '', '1', '10000', 'N', 'N', 2),
(676, 258, 21, '', '1', '3000', 'N', 'N', 2),
(677, 258, 20, '', '1', '10000', 'N', 'N', 2),
(678, 266, 21, '', '1', '3000', 'N', 'N', 2),
(679, 266, 20, '', '1', '10000', 'N', 'N', 2),
(682, 267, 21, '', '1', '3000', 'N', 'N', 2),
(683, 267, 20, '', '1', '10000', 'N', 'N', 2),
(684, 267, 21, '', '1', '3000', 'N', 'N', 2),
(685, 267, 20, '', '1', '10000', 'N', 'N', 2),
(686, 267, 20, '', '2', '10000', 'N', 'N', 2),
(687, 268, 21, '', '1', '3000', 'N', 'N', 2),
(688, 268, 20, '', '1', '10000', 'N', 'N', 2),
(689, 269, 20, '', '1', '10000', 'Y', 'N', 2),
(690, 270, 19, '6,7,13', '1', '118000', 'Y', 'Y', 1),
(691, 271, 14, '6,7', '1', '16000', 'Y', 'Y', 1),
(692, 272, 21, '', '1', '3000', 'Y', 'N', 2),
(693, 272, 20, '', '1', '10000', 'Y', 'N', 2),
(694, 273, 19, '6', '1', '15000', 'Y', 'Y', 1),
(695, 273, 16, '', '1', '12000', 'Y', 'Y', 1),
(696, 273, 19, '6,7,13', '1', '118000', 'Y', 'Y', 1),
(697, 274, 20, '', '1', '10000', 'N', 'N', 2),
(698, 274, 21, '', '1', '3000', 'N', 'N', 2),
(699, 275, 20, '', '1', '10000', 'N', 'N', 2),
(700, 275, 21, '', '1', '3000', 'N', 'N', 2),
(701, 276, 19, '6,7,13', '1', '118000', 'Y', 'Y', 1),
(702, 277, 19, '6,7', '2', '18000', 'Y', 'Y', 1),
(703, 277, 19, '6,7,13', '3', '118000', 'Y', 'Y', 1),
(704, 277, 16, '', '1', '12000', 'Y', 'Y', 1),
(705, 277, 15, '', '1', '20000', 'Y', 'Y', 1),
(706, 278, 20, '', '1', '10000', 'N', 'N', 2),
(707, 278, 21, '', '1', '3000', 'N', 'N', 2),
(708, 279, 19, '6,7', '1', '18000', 'Y', 'Y', 1),
(709, 279, 16, '', '1', '12000', 'Y', 'Y', 1),
(710, 280, 19, '6,7', '1', '18000', 'Y', 'Y', 1),
(711, 280, 16, '', '1', '12000', 'Y', 'Y', 1),
(712, 281, 31, '', '1', '20000', 'C', 'Y', 3),
(713, 282, 31, '', '1', '20000', 'Y', 'Y', 3),
(714, 283, 28, '', '1', '15000', 'Y', 'Y', 1),
(715, 283, 29, '', '2', '15000', 'Y', 'Y', 1),
(716, 283, 26, '', '2', '40000', 'Y', 'Y', 1),
(717, 283, 25, '', '1', '30000', 'Y', 'Y', 1),
(718, 284, 29, '', '1', '15000', 'Y', 'Y', 1),
(719, 284, 25, '', '2', '30000', 'Y', 'Y', 1),
(720, 285, 29, '', '2', '15000', 'C', 'Y', 1),
(721, 285, 26, '', '1', '40000', 'C', 'Y', 1),
(722, 286, 28, '', '1', '15000', 'Y', 'Y', 1),
(723, 286, 27, '', '2', '20000', 'Y', 'Y', 1),
(724, 281, 32, '', '1', '25000', 'Y', 'Y', 3),
(725, 287, 32, '', '1', '25000', 'Y', 'N', 3),
(726, 287, 31, '', '1', '20000', 'Y', 'N', 3),
(728, 288, 28, '', '1', '15000', 'Y', 'Y', 1),
(729, 289, 30, '', '1', '5000', 'Y', 'Y', 1),
(730, 290, 21, '', '1', '3000', 'Y', 'N', 2),
(731, 290, 20, '', '1', '10000', 'Y', 'N', 2),
(732, 291, 29, '', '1', '15000', 'Y', 'Y', 1),
(733, 292, 29, '', '1', '15000', 'Y', 'Y', 1),
(734, 292, 27, '', '1', '20000', 'Y', 'Y', 1),
(735, 293, 28, '', '1', '15000', 'Y', 'Y', 1),
(736, 293, 26, '', '2', '40000', 'Y', 'Y', 1),
(737, 294, 29, '', '1', '15000', 'Y', 'Y', 1),
(738, 295, 29, '', '1', '15000', 'Y', 'Y', 1),
(739, 295, 27, '', '1', '20000', 'Y', 'Y', 1),
(740, 296, 29, '', '1', '15000', 'Y', 'Y', 1),
(741, 297, 28, '', '1', '15000', 'Y', 'Y', 1),
(742, 298, 27, '', '1', '20000', 'Y', 'Y', 1),
(743, 299, 29, '', '1', '15000', 'Y', 'Y', 1),
(744, 300, 25, '', '1', '30000', 'C', 'Y', 1),
(745, 301, 26, '', '1', '40000', 'Y', 'Y', 1),
(746, 301, 25, '', '1', '30000', 'Y', 'Y', 1),
(747, 302, 25, '', '1', '30000', 'Y', 'Y', 1),
(748, 302, 23, '23', '1', '50000', 'Y', 'Y', 1),
(749, 303, 29, '', '1', '15000', 'C', 'Y', 1),
(750, 304, 24, '', '1', '20000', 'Y', 'Y', 1),
(751, 304, 26, '', '1', '40000', 'Y', 'Y', 1),
(752, 305, 13, '1', '1', '110000', 'Y', 'Y', 1),
(753, 301, 25, '', '1', '30000', 'Y', 'Y', 1),
(754, 306, 30, '', '1', '5000', 'Y', 'Y', 1),
(755, 306, 29, '', '1', '15000', 'Y', 'Y', 1),
(756, 306, 28, '', '1', '15000', 'C', 'Y', 1),
(757, 307, 30, '', '1', '5000', 'Y', 'Y', 1),
(758, 307, 29, '', '1', '15000', 'Y', 'Y', 1),
(759, 307, 28, '', '1', '15000', 'Y', 'Y', 1),
(760, 307, 27, '', '1', '20000', 'Y', 'Y', 1),
(761, 308, 29, '', '1', '15000', 'Y', 'Y', 1),
(762, 309, 29, '', '2', '15000', 'Y', 'Y', 1),
(763, 309, 28, '', '1', '15000', 'Y', 'Y', 1),
(764, 310, 28, '', '5', '15000', 'Y', 'Y', 1),
(765, 311, 30, '', '1', '5000', 'Y', 'Y', 1),
(766, 312, 29, '', '1', '15000', 'Y', 'Y', 1),
(767, 313, 30, '', '1', '5000', 'Y', 'Y', 1),
(768, 314, 27, '', '1', '20000', 'Y', 'Y', 1),
(769, 314, 30, '', '1', '5000', 'Y', 'Y', 1),
(770, 314, 29, '', '1', '15000', 'Y', 'Y', 1),
(771, 315, 27, '', '6', '20000', 'Y', 'Y', 1),
(772, 316, 23, '', '1', '25000', 'Y', 'Y', 1),
(773, 317, 29, '', '1', '15000', 'Y', 'Y', 1),
(774, 318, 27, '', '1', '20000', 'Y', 'Y', 1),
(775, 319, 27, '', '1', '20000', 'N', 'Y', 1),
(776, 319, 30, '', '1', '5000', 'N', 'Y', 1),
(777, 320, 27, '', '3', '20000', 'Y', 'Y', 1),
(778, 321, 26, '', '2', '40000', 'Y', 'Y', 1),
(779, 321, 25, '', '3', '30000', 'Y', 'Y', 1),
(780, 321, 27, '', '3', '20000', 'Y', 'Y', 1),
(781, 322, 26, '', '1', '40000', 'Y', 'Y', 1),
(782, 322, 25, '', '1', '30000', 'Y', 'Y', 1),
(783, 322, 29, '', '1', '15000', 'C', 'Y', 1),
(784, 323, 27, '', '1', '20000', 'Y', 'Y', 1),
(785, 323, 30, '', '1', '5000', 'Y', 'Y', 1),
(786, 324, 26, '', '1', '40000', 'Y', 'Y', 1),
(787, 325, 26, '', '2', '40000', 'Y', 'Y', 1),
(788, 325, 25, '', '1', '30000', 'Y', 'Y', 1),
(789, 325, 28, '', '2', '15000', 'Y', 'Y', 1),
(790, 325, 29, '', '1', '15000', 'Y', 'Y', 1),
(791, 325, 28, '', '2', '15000', 'Y', 'Y', 1),
(792, 326, 28, '', '2', '15000', 'Y', 'Y', 1),
(793, 326, 29, '', '1', '15000', 'Y', 'Y', 1),
(794, 326, 25, '', '1', '30000', 'Y', 'Y', 1),
(795, 327, 26, '', '1', '40000', 'Y', 'Y', 1),
(796, 327, 28, '', '2', '15000', 'Y', 'Y', 1),
(797, 327, 25, '', '1', '30000', 'Y', 'Y', 1),
(798, 327, 27, '', '1', '20000', 'Y', 'Y', 1),
(799, 328, 29, '', '1', '15000', 'Y', 'Y', 1),
(800, 328, 28, '', '4', '15000', 'Y', 'Y', 1),
(801, 328, 26, '', '2', '40000', 'Y', 'Y', 1),
(802, 328, 25, '', '1', '30000', 'Y', 'Y', 1),
(803, 329, 27, '', '1', '20000', 'Y', 'Y', 1),
(804, 329, 29, '', '1', '15000', 'C', 'Y', 1),
(805, 330, 25, '', '1', '30000', 'Y', 'Y', 1),
(806, 330, 27, '', '1', '20000', 'Y', 'Y', 1),
(807, 330, 29, '', '1', '15000', 'C', 'Y', 1),
(808, 300, 30, '', '1', '5000', 'Y', 'Y', 1),
(809, 300, 29, '', '1', '15000', 'Y', 'Y', 1),
(810, 331, 27, '', '1', '20000', 'Y', 'Y', 1),
(811, 331, 29, '', '1', '15000', 'Y', 'Y', 1),
(812, 332, 27, '', '1', '20000', 'C', 'Y', 1),
(813, 332, 29, '', '1', '15000', 'Y', 'Y', 1),
(814, 333, 26, '', '1', '40000', 'Y', 'Y', 1),
(815, 333, 29, '', '1', '15000', 'C', 'Y', 1),
(816, 334, 4, '', '1', '30000', 'Y', 'Y', 1),
(817, 334, 13, '3', '1', '110000', 'Y', 'Y', 1),
(818, 334, 15, '7', '1', '23000', 'N', 'Y', 1),
(819, 335, 25, '', '1', '30000', 'Y', 'Y', 1),
(820, 335, 23, '23', '1', '50000', 'Y', 'Y', 1),
(821, 335, 28, '', '2', '15000', 'Y', 'Y', 1),
(822, 336, 16, '', '2', '12000', 'Y', 'Y', 1),
(823, 336, 30, '', '2', '5000', 'Y', 'Y', 1),
(824, 337, 4, '', '1', '30000', 'Y', 'Y', 1),
(825, 337, 13, '3,2,1', '1', '130000', 'Y', 'Y', 1),
(826, 338, 30, '', '1', '5000', 'Y', 'Y', 1),
(827, 338, 29, '', '1', '15000', 'Y', 'Y', 1),
(828, 338, 28, '', '1', '15000', 'Y', 'Y', 1),
(829, 339, 19, '6,7', '1', '18000', 'Y', 'Y', 1),
(830, 339, 23, '', '1', '25000', 'Y', 'Y', 1),
(831, 339, 1, '2', '1', '20000', 'Y', 'Y', 1),
(832, 340, 28, '', '1', '15000', 'N', 'Y', 1),
(833, 340, 29, '', '1', '15000', 'Y', 'Y', 1),
(834, 340, 30, '', '1', '5000', 'C', 'Y', 1),
(835, 341, 28, '', '1', '15000', 'Y', 'Y', 1),
(836, 341, 19, '7', '2', '15000', 'Y', 'Y', 1),
(837, 342, 25, '', '1', '30000', 'Y', 'Y', 1),
(838, 342, 26, '', '1', '40000', 'C', 'Y', 1),
(839, 342, 28, '', '1', '15000', 'N', 'Y', 1),
(840, 343, 29, '', '2', '15000', 'Y', 'Y', 1),
(841, 343, 27, '', '1', '20000', 'Y', 'Y', 1),
(842, 343, 25, '', '1', '30000', 'C', 'Y', 1),
(843, 344, 29, '', '1', '15000', 'Y', 'Y', 1),
(844, 344, 27, '', '1', '20000', 'Y', 'Y', 1),
(845, 345, 28, '', '1', '15000', 'Y', 'Y', 1),
(846, 345, 30, '', '1', '5000', 'Y', 'Y', 1),
(847, 346, 30, '', '1', '5000', 'Y', 'Y', 1),
(848, 346, 29, '', '1', '15000', 'Y', 'Y', 1),
(849, 346, 27, '', '1', '20000', 'Y', 'Y', 1),
(850, 347, 23, '23', '1', '50000', 'Y', 'Y', 1),
(851, 347, 24, '', '1', '20000', 'C', 'Y', 1),
(852, 347, 19, '15', '1', '32000', 'Y', 'Y', 1),
(853, 348, 25, '', '1', '30000', 'Y', 'N', 1),
(854, 348, 29, '', '2', '15000', 'Y', 'N', 1),
(855, 349, 28, '', '1', '15000', 'Y', 'N', 1),
(856, 349, 25, '', '1', '30000', 'Y', 'N', 1),
(858, 349, 30, '', '1', '5000', 'Y', 'N', 1),
(859, 350, 25, '', '1', '30000', 'Y', 'N', 1),
(860, 350, 27, '', '1', '20000', 'Y', 'N', 1),
(861, 350, 29, '', '1', '15000', 'Y', 'N', 1),
(862, 351, 28, '', '1', '15000', 'Y', 'N', 1),
(863, 351, 29, '', '1', '15000', 'Y', 'N', 1),
(864, 352, 30, '', '1', '5000', 'Y', 'N', 1),
(865, 352, 25, '', '1', '30000', 'Y', 'N', 1),
(866, 353, 25, '', '1', '30000', 'C', 'N', 1),
(867, 353, 27, '', '1', '20000', 'Y', 'N', 1),
(868, 353, 29, '', '1', '15000', 'Y', 'N', 1),
(869, 354, 30, '', '1', '5000', 'Y', 'N', 1),
(870, 355, 28, '', '1', '15000', 'Y', 'N', 1),
(871, 355, 30, '', '2', '5000', 'Y', 'N', 1),
(872, 355, 29, '', '1', '15000', 'Y', 'N', 1),
(873, 356, 27, '', '1', '20000', 'C', 'N', 1),
(874, 356, 30, '', '1', '5000', 'C', 'N', 1),
(875, 357, 25, '', '1', '30000', 'Y', 'N', 1),
(876, 357, 28, '', '1', '15000', 'C', 'N', 1),
(877, 357, 29, '', '1', '15000', 'Y', 'N', 1),
(878, 358, 27, '', '1', '20000', 'N', 'N', 1),
(879, 358, 26, '', '1', '40000', 'N', 'N', 1),
(880, 359, 16, '', '1', '12000', 'C', 'Y', 1),
(881, 359, 29, '', '1', '15000', 'Y', 'Y', 1),
(882, 359, 27, '', '1', '20000', 'C', 'Y', 1),
(883, 359, 28, '', '1', '15000', 'Y', 'Y', 1),
(884, 360, 29, '', '1', '15000', 'N', 'N', 1),
(889, 363, 30, '', '1', '5000', 'Y', 'N', 1),
(890, 363, 29, '', '1', '15000', 'Y', 'N', 1),
(891, 364, 30, '', '1', '5000', 'N', 'N', 1),
(894, 366, 29, '', '1', '15000', 'N', 'N', 1),
(897, 361, 29, '', '1', '15000', 'N', 'N', 1),
(910, 369, 30, '', '1', '5000', 'N', 'N', 1),
(911, 369, 27, '', '1', '20000', 'N', 'N', 1),
(912, 369, 28, '', '2', '15000', 'N', 'N', 1),
(913, 370, 30, '', '1', '5000', 'N', 'N', 1),
(914, 370, 29, '', '2', '15000', 'N', 'N', 1),
(915, 371, 29, '', '2', '15000', 'Y', 'N', 1),
(916, 371, 26, '', '3', '40000', 'Y', 'N', 1),
(917, 371, 23, '23', '1', '50000', 'Y', 'N', 1),
(918, 372, 29, '', '1', '15000', 'N', 'N', 1),
(919, 372, 27, '', '1', '20000', 'N', 'N', 1),
(920, 372, 28, '', '1', '15000', 'N', 'N', 1);

-- --------------------------------------------------------

--
-- Cấu trúc bảng cho bảng `tbl_order_log`
--

CREATE TABLE `tbl_order_log` (
  `id` int(11) UNSIGNED NOT NULL,
  `id_order` int(11) UNSIGNED NOT NULL,
  `log_status` varchar(100) NOT NULL,
  `time_log` time NOT NULL,
  `id_business` int(11) UNSIGNED NOT NULL
) ENGINE=InnoDB DEFAULT CHARSET=utf8mb4;

--
-- Đang đổ dữ liệu cho bảng `tbl_order_log`
--

INSERT INTO `tbl_order_log` (`id`, `id_order`, `log_status`, `time_log`, `id_business`) VALUES
(1, 91, 'waiting', '00:02:01', 1),
(2, 91, 'processing', '00:00:07', 1),
(3, 92, 'waiting', '00:14:54', 1),
(4, 93, 'waiting', '00:34:39', 1),
(5, 102, 'waiting', '00:00:35', 1),
(6, 102, 'processing', '00:05:34', 1),
(7, 99, 'waiting', '00:05:38', 1),
(8, 99, 'processing', '00:00:43', 1),
(9, 100, 'waiting', '00:11:48', 1),
(10, 101, 'waiting', '00:11:05', 1),
(11, 92, 'processing', '00:25:52', 1),
(12, 100, 'processing', '00:20:34', 1),
(13, 101, 'processing', '00:20:30', 1),
(14, 94, 'waiting', '00:54:48', 1),
(15, 94, 'processing', '00:00:01', 1),
(16, 93, 'processing', '00:02:27', 1),
(17, 106, 'waiting', '00:00:17', 1),
(18, 105, 'waiting', '00:00:47', 1),
(19, 104, 'waiting', '00:01:06', 1),
(20, 104, 'processing', '00:03:42', 1),
(21, 103, 'waiting', '00:14:37', 1),
(22, 107, 'waiting', '00:13:32', 1),
(23, 107, 'processing', '00:11:57', 1),
(24, 106, 'processing', '00:25:35', 1),
(25, 105, 'processing', '00:25:24', 1),
(26, 103, 'processing', '00:12:09', 1),
(27, 108, 'waiting', '00:00:22', 1),
(28, 108, 'processing', '00:00:01', 1),
(29, 109, 'waiting', '00:01:36', 1),
(30, 109, 'processing', '00:00:04', 1),
(31, 110, 'waiting', '00:49:36', 1),
(32, 111, 'waiting', '00:49:25', 1),
(33, 110, 'processing', '00:03:12', 1),
(34, 111, 'processing', '00:03:05', 1),
(35, 115, 'waiting', '00:00:11', 1),
(36, 114, 'waiting', '00:03:20', 1),
(37, 112, 'waiting', '00:34:01', 1),
(38, 117, 'waiting', '00:02:56', 1),
(39, 113, 'waiting', '00:31:43', 1),
(40, 117, 'processing', '00:26:51', 1),
(41, 119, 'waiting', '00:01:13', 1),
(42, 118, 'waiting', '00:03:18', 1),
(43, 120, 'waiting', '00:03:18', 1),
(44, 115, 'processing', '00:46:42', 1),
(45, 121, 'waiting', '00:12:35', 1),
(46, 122, 'waiting', '00:00:13', 1),
(47, 123, 'waiting', '00:00:22', 1),
(48, 124, 'waiting', '00:00:13', 1),
(49, 126, 'waiting', '00:02:48', 1),
(50, 125, 'waiting', '00:16:06', 1),
(51, 125, 'processing', '00:00:01', 1),
(52, 113, 'processing', '00:49:13', 1),
(53, 122, 'processing', '00:20:49', 1),
(54, 124, 'processing', '00:17:02', 1),
(55, 119, 'processing', '00:34:06', 1),
(56, 112, 'processing', '00:24:16', 1),
(57, 121, 'processing', '00:30:40', 1),
(58, 123, 'processing', '00:29:49', 1),
(59, 118, 'processing', '00:46:33', 1),
(60, 114, 'processing', '00:31:42', 1),
(61, 120, 'processing', '00:47:03', 1),
(62, 131, 'waiting', '00:00:18', 1),
(63, 128, 'waiting', '00:02:11', 1),
(64, 130, 'waiting', '00:32:37', 1),
(65, 130, 'processing', '00:00:11', 1),
(66, 127, 'waiting', '00:37:33', 1),
(67, 127, 'processing', '00:00:03', 1),
(68, 137, 'waiting', '00:02:23', 1),
(69, 137, 'processing', '00:00:36', 1),
(70, 129, 'waiting', '00:39:14', 1),
(71, 129, 'processing', '00:00:10', 1),
(72, 131, 'processing', '00:40:06', 1),
(73, 132, 'waiting', '00:41:24', 1),
(74, 133, 'waiting', '00:41:20', 1),
(75, 133, 'processing', '00:00:09', 1),
(76, 140, 'waiting', '00:02:00', 1),
(77, 140, 'processing', '00:00:05', 1),
(78, 139, 'waiting', '00:06:34', 1),
(79, 138, 'waiting', '00:14:38', 1),
(80, 138, 'processing', '00:00:13', 1),
(81, 139, 'processing', '00:10:33', 1),
(82, 135, 'waiting', '00:34:05', 1),
(83, 135, 'processing', '00:00:03', 1),
(84, 136, 'waiting', '00:34:52', 1),
(85, 134, 'waiting', '00:35:41', 1),
(86, 134, 'processing', '00:00:04', 1),
(87, 136, 'processing', '00:01:16', 1),
(88, 144, 'waiting', '00:00:31', 1),
(89, 144, 'processing', '00:00:55', 1),
(90, 145, 'waiting', '00:04:52', 1),
(91, 145, 'processing', '00:00:07', 1),
(92, 152, 'waiting', '00:03:46', 1),
(93, 152, 'processing', '00:00:48', 1),
(94, 149, 'waiting', '00:09:16', 1),
(95, 149, 'processing', '00:00:03', 1),
(96, 153, 'waiting', '00:05:44', 1),
(97, 153, 'processing', '00:00:03', 1),
(98, 154, 'waiting', '00:02:51', 1),
(99, 154, 'processing', '00:00:19', 1),
(100, 144, 'processing', '00:46:40', 1),
(101, 160, 'waiting', '00:00:10', 1),
(102, 160, 'processing', '00:00:05', 1),
(103, 161, 'waiting', '00:00:45', 1),
(104, 161, 'processing', '00:01:46', 1),
(105, 165, 'waiting', '00:01:48', 1),
(106, 165, 'processing', '00:00:03', 1),
(107, 163, 'waiting', '00:02:35', 1),
(108, 162, 'waiting', '00:03:02', 1),
(109, 167, 'waiting', '00:02:13', 1),
(110, 167, 'processing', '00:00:21', 1),
(111, 163, 'processing', '00:04:29', 1),
(112, 162, 'processing', '00:04:22', 1),
(113, 177, 'waiting', '00:00:52', 1),
(114, 182, 'waiting', '00:00:59', 1),
(115, 182, 'processing', '00:00:20', 1),
(116, 164, 'waiting', '00:06:36', 1),
(117, 170, 'waiting', '00:40:47', 1),
(118, 171, 'waiting', '00:38:42', 1),
(119, 170, 'processing', '00:00:49', 1),
(120, 179, 'waiting', '00:21:49', 1),
(121, 185, 'waiting', '00:21:33', 1),
(122, 185, 'processing', '00:00:30', 1),
(123, 175, 'waiting', '00:42:10', 1),
(124, 166, 'waiting', '00:30:36', 1),
(125, 172, 'waiting', '00:53:33', 1),
(126, 183, 'waiting', '00:14:13', 1),
(127, 183, 'processing', '00:00:03', 1),
(128, 176, 'waiting', '00:25:51', 1),
(129, 176, 'processing', '00:00:02', 1),
(130, 173, 'waiting', '00:34:44', 1),
(131, 178, 'waiting', '00:26:58', 1),
(132, 178, 'processing', '00:00:19', 1),
(133, 186, 'waiting', '00:03:42', 1),
(134, 166, 'processing', '00:58:39', 1),
(135, 184, 'waiting', '00:24:16', 1),
(136, 186, 'processing', '00:07:55', 1),
(137, 180, 'waiting', '00:33:57', 1),
(138, 180, 'processing', '00:00:01', 1),
(139, 174, 'waiting', '00:43:31', 1),
(140, 174, 'processing', '00:00:01', 1),
(141, 198, 'waiting', '00:01:46', 1),
(142, 193, 'waiting', '00:42:38', 1),
(143, 200, 'waiting', '00:13:40', 1),
(144, 193, 'processing', '00:01:32', 1),
(145, 202, 'waiting', '00:22:31', 1),
(146, 198, 'processing', '00:40:56', 1),
(147, 200, 'processing', '00:20:39', 1),
(148, 195, 'waiting', '00:10:01', 1),
(149, 195, 'processing', '00:00:52', 1),
(150, 197, 'waiting', '00:02:50', 1),
(151, 194, 'waiting', '00:31:36', 1),
(152, 199, 'waiting', '00:11:28', 1),
(153, 196, 'waiting', '00:38:43', 1),
(154, 201, 'waiting', '00:11:37', 1),
(155, 204, 'waiting', '00:00:34', 1),
(156, 205, 'waiting', '00:00:17', 1),
(157, 206, 'waiting', '00:00:10', 1),
(158, 206, 'processing', '00:29:20', 1),
(159, 144, 'delivery', '00:02:13', 1),
(160, 144, 'payment', '00:31:12', 1),
(161, 145, 'delivery', '00:18:47', 1),
(162, 145, 'payment', '00:00:23', 1),
(163, 160, 'delivery', '00:39:07', 1),
(164, 160, 'payment', '00:01:34', 1),
(165, 189, 'waiting', '00:51:09', 1),
(166, 168, 'waiting', '00:16:53', 1),
(167, 169, 'waiting', '00:08:19', 1),
(168, 207, 'waiting', '00:41:20', 1),
(169, 187, 'waiting', '00:52:41', 1),
(170, 208, 'waiting', '00:16:37', 1),
(171, 161, 'delivery', '00:41:53', 1),
(172, 161, 'payment', '00:00:02', 1),
(173, 217, 'waiting', '00:00:43', 1),
(174, 217, 'processing', '00:00:53', 1),
(175, 217, 'delivery', '00:21:43', 1),
(176, 217, 'payment', '00:34:17', 1),
(177, 163, 'delivery', '00:59:02', 1),
(178, 163, 'payment', '00:00:17', 1),
(179, 167, 'delivery', '00:04:32', 1),
(180, 167, 'payment', '00:00:07', 1),
(181, 166, 'delivery', '00:40:42', 1),
(182, 195, 'delivery', '00:12:37', 1),
(183, 186, 'delivery', '00:45:34', 1),
(184, 178, 'delivery', '00:55:52', 1),
(185, 178, 'payment', '00:00:14', 1),
(186, 165, 'delivery', '00:18:21', 1),
(187, 165, 'payment', '00:00:04', 1),
(188, 166, 'payment', '00:17:42', 1),
(189, 162, 'delivery', '00:22:12', 1),
(190, 162, 'payment', '00:00:07', 1),
(191, 220, 'waiting', '00:00:36', 1),
(192, 220, 'processing', '00:00:07', 1),
(193, 220, 'delivery', '00:00:55', 1),
(194, 220, 'payment', '00:01:06', 1),
(195, 221, 'waiting', '00:00:18', 1),
(196, 221, 'processing', '00:00:11', 1),
(197, 221, 'delivery', '00:00:48', 1),
(198, 221, 'payment', '00:00:02', 1),
(199, 176, 'delivery', '00:07:26', 1),
(200, 176, 'payment', '00:00:11', 1),
(201, 186, 'payment', '00:42:43', 1),
(202, 175, 'processing', '00:44:50', 1),
(203, 164, 'processing', '00:08:35', 1),
(204, 201, 'processing', '00:41:33', 1),
(205, 196, 'processing', '00:42:53', 1),
(206, 194, 'processing', '00:53:42', 1),
(207, 225, 'waiting', '00:08:54', 1),
(208, 225, 'processing', '00:00:06', 1),
(209, 227, 'waiting', '00:01:15', 1),
(210, 227, 'processing', '00:00:05', 1),
(211, 191, 'waiting', '00:31:34', 1),
(212, 191, 'processing', '00:00:02', 1),
(213, 192, 'waiting', '00:30:14', 1),
(214, 192, 'processing', '00:00:01', 1),
(215, 203, 'waiting', '00:04:57', 1),
(216, 203, 'processing', '00:00:01', 1),
(217, 190, 'waiting', '00:32:13', 1),
(218, 190, 'processing', '00:00:01', 1),
(219, 226, 'waiting', '00:09:00', 1),
(220, 226, 'processing', '00:00:01', 1),
(221, 197, 'processing', '00:13:03', 1),
(222, 202, 'processing', '00:28:19', 1),
(223, 199, 'processing', '00:48:27', 1),
(224, 209, 'waiting', '00:51:42', 1),
(225, 209, 'processing', '00:00:01', 1),
(226, 216, 'waiting', '00:09:31', 1),
(227, 216, 'processing', '00:00:01', 1),
(228, 211, 'waiting', '00:28:46', 1),
(229, 211, 'processing', '00:00:01', 1),
(230, 222, 'waiting', '00:58:10', 1),
(231, 222, 'processing', '00:00:02', 1),
(232, 213, 'waiting', '00:21:38', 1),
(233, 213, 'processing', '00:00:01', 1),
(234, 224, 'waiting', '00:47:40', 1),
(235, 224, 'processing', '00:00:02', 1),
(236, 215, 'waiting', '00:16:38', 1),
(237, 215, 'processing', '00:00:02', 1),
(238, 210, 'waiting', '00:40:29', 1),
(239, 210, 'processing', '00:00:03', 1),
(240, 208, 'processing', '00:41:14', 1),
(241, 188, 'waiting', '00:33:35', 1),
(242, 188, 'processing', '00:00:03', 1),
(243, 219, 'waiting', '00:19:29', 1),
(244, 219, 'processing', '00:00:01', 1),
(245, 212, 'waiting', '00:24:31', 1),
(246, 212, 'processing', '00:00:01', 1),
(247, 223, 'waiting', '00:56:04', 1),
(248, 223, 'processing', '00:00:01', 1),
(249, 214, 'waiting', '00:19:29', 1),
(250, 214, 'processing', '00:00:04', 1),
(251, 226, 'delivery', '00:01:40', 1),
(252, 226, 'payment', '00:15:45', 1),
(253, 225, 'delivery', '00:18:42', 1),
(254, 225, 'payment', '00:00:07', 1),
(255, 164, 'delivery', '00:29:00', 1),
(256, 164, 'payment', '00:00:06', 1),
(257, 175, 'delivery', '00:30:52', 1),
(258, 175, 'payment', '00:00:11', 1),
(259, 229, 'waiting', '00:00:29', 1),
(260, 229, 'processing', '00:00:02', 1),
(261, 230, 'waiting', '00:00:27', 1),
(262, 230, 'processing', '00:00:02', 1),
(263, 230, 'delivery', '00:00:47', 1),
(264, 230, 'payment', '00:00:37', 1),
(265, 231, 'waiting', '00:00:19', 1),
(266, 231, 'processing', '00:00:01', 1),
(267, 231, 'delivery', '00:00:37', 1),
(268, 228, 'waiting', '00:56:24', 1),
(269, 228, 'processing', '00:00:08', 1),
(270, 233, 'waiting', '00:00:21', 1),
(271, 232, 'waiting', '00:01:14', 1),
(272, 232, 'processing', '00:11:29', 1),
(273, 234, 'waiting', '00:00:44', 1),
(274, 234, 'processing', '00:02:19', 1),
(275, 235, 'waiting', '00:00:08', 1),
(276, 235, 'processing', '00:00:05', 1),
(277, 236, 'waiting', '00:00:05', 1),
(278, 236, 'processing', '00:02:17', 1),
(279, 241, 'waiting', '00:00:31', 1),
(280, 241, 'processing', '00:00:17', 1),
(281, 242, 'waiting', '00:00:53', 1),
(282, 242, 'processing', '00:00:47', 1),
(283, 243, 'waiting', '00:01:36', 1),
(284, 243, 'processing', '00:00:09', 1),
(285, 245, 'waiting', '00:00:32', 1),
(286, 245, 'processing', '00:00:02', 1),
(287, 245, 'delivery', '00:04:33', 1),
(288, 245, 'payment', '00:00:08', 1),
(289, 246, 'waiting', '00:00:35', 1),
(290, 247, 'waiting', '00:22:08', 1),
(291, 247, 'processing', '00:00:08', 1),
(292, 249, 'waiting', '00:01:47', 1),
(293, 249, 'processing', '00:00:03', 1),
(294, 250, 'waiting', '00:00:31', 1),
(295, 249, 'delivery', '00:19:52', 1),
(296, 249, 'payment', '00:00:09', 1),
(297, 252, 'waiting', '00:00:29', 1),
(298, 252, 'processing', '00:00:01', 1),
(299, 253, 'waiting', '00:00:26', 1),
(300, 253, 'processing', '00:00:02', 1),
(301, 253, 'delivery', '00:07:36', 1),
(302, 253, 'payment', '00:00:06', 1),
(303, 244, 'waiting', '00:20:28', 1),
(304, 244, 'processing', '00:00:02', 1),
(305, 256, 'waiting', '00:00:48', 1),
(306, 256, 'processing', '00:00:02', 1),
(307, 255, 'waiting', '00:03:12', 1),
(308, 255, 'processing', '00:00:10', 1),
(309, 255, 'delivery', '00:00:37', 1),
(310, 255, 'payment', '00:00:08', 1),
(311, 247, 'delivery', '00:43:42', 1),
(312, 247, 'payment', '00:00:10', 1),
(313, 244, 'delivery', '00:03:58', 1),
(314, 244, 'payment', '00:00:04', 1),
(315, 256, 'delivery', '00:11:50', 1),
(316, 256, 'payment', '00:00:04', 1),
(317, 262, 'waiting', '00:00:28', 1),
(318, 262, 'processing', '00:00:01', 1),
(319, 259, 'waiting', '00:02:13', 1),
(320, 259, 'processing', '00:00:01', 1),
(321, 260, 'waiting', '00:02:01', 1),
(322, 260, 'processing', '00:00:02', 1),
(323, 257, 'waiting', '00:12:50', 1),
(324, 257, 'processing', '00:00:01', 1),
(325, 263, 'waiting', '00:00:50', 1),
(326, 263, 'processing', '00:00:01', 1),
(327, 261, 'waiting', '00:01:14', 1),
(328, 261, 'processing', '00:00:01', 1),
(329, 263, 'delivery', '00:02:16', 1),
(330, 263, 'payment', '00:00:06', 1),
(331, 262, 'delivery', '00:09:07', 1),
(332, 262, 'payment', '00:00:13', 1),
(333, 265, 'finished', '00:19:17', 2),
(334, 258, 'delivery', '00:57:15', 2),
(335, 258, 'payment', '00:00:01', 2),
(336, 266, 'finished', '00:00:22', 2),
(337, 267, 'delivery', '00:01:01', 2),
(338, 267, 'payment', '00:00:01', 2),
(339, 268, 'delivery', '00:00:28', 2),
(340, 268, 'payment', '00:00:21', 2),
(341, 269, 'delivery', '00:00:11', 2),
(342, 269, 'payment', '00:03:45', 2),
(343, 269, 'delivery', '00:06:19', 2),
(344, 272, 'delivery', '00:02:06', 2),
(345, 272, 'payment', '00:04:25', 2),
(346, 260, 'delivery', '00:53:17', 1),
(347, 260, 'payment', '00:00:03', 1),
(348, 261, 'delivery', '00:53:44', 1),
(349, 261, 'payment', '00:00:15', 1),
(350, 279, 'waiting', '00:00:27', 1),
(351, 279, 'processing', '00:00:03', 1),
(352, 279, 'delivery', '00:00:27', 1),
(353, 279, 'payment', '00:00:05', 1),
(354, 276, 'waiting', '00:09:02', 1),
(355, 280, 'waiting', '00:00:11', 1),
(356, 271, 'waiting', '00:21:21', 1),
(357, 270, 'waiting', '00:30:31', 1),
(358, 280, 'processing', '00:00:09', 1),
(359, 280, 'delivery', '00:00:38', 1),
(360, 280, 'payment', '00:01:37', 1),
(361, 281, 'waiting', '00:01:06', 3),
(362, 282, 'waiting', '00:02:32', 3),
(363, 282, 'processing', '00:00:19', 3),
(364, 282, 'delivery', '00:18:30', 3),
(365, 282, 'payment', '00:00:18', 3),
(366, 283, 'waiting', '00:22:10', 1),
(367, 283, 'processing', '00:04:48', 1),
(368, 285, 'waiting', '00:25:28', 1),
(369, 285, 'processing', '00:00:38', 1),
(370, 281, 'processing', '00:04:33', 3),
(371, 281, 'delivery', '00:02:18', 3),
(372, 281, 'payment', '00:02:06', 3),
(373, 287, 'waiting', '00:00:20', 3),
(374, 287, 'processing', '00:00:04', 3),
(375, 287, 'delivery', '00:00:18', 3),
(376, 287, 'payment', '00:00:11', 3),
(377, 290, 'delivery', '00:16:48', 2),
(378, 290, 'payment', '00:00:00', 2),
(379, 292, 'waiting', '00:05:01', 1),
(380, 292, 'processing', '00:00:04', 1),
(381, 292, 'delivery', '00:34:25', 1),
(382, 292, 'payment', '00:00:03', 1),
(383, 295, 'waiting', '00:03:13', 1),
(384, 295, 'processing', '00:00:03', 1),
(385, 295, 'delivery', '00:02:37', 1),
(386, 295, 'payment', '00:00:16', 1),
(387, 297, 'waiting', '00:01:33', 1),
(388, 297, 'processing', '00:00:04', 1),
(389, 296, 'waiting', '00:07:33', 1),
(390, 296, 'processing', '00:00:02', 1),
(391, 273, 'waiting', '00:02:24', 1),
(392, 298, 'waiting', '00:05:38', 1),
(393, 298, 'processing', '00:00:06', 1),
(394, 289, 'waiting', '00:57:19', 1),
(395, 248, 'waiting', '00:47:56', 1),
(396, 301, 'waiting', '00:00:36', 1),
(397, 301, 'processing', '00:00:24', 1),
(398, 300, 'waiting', '00:07:03', 1),
(399, 284, 'waiting', '00:59:35', 1),
(400, 302, 'waiting', '00:16:43', 1),
(401, 302, 'processing', '00:00:05', 1),
(402, 302, 'delivery', '00:06:56', 1),
(403, 302, 'payment', '00:00:28', 1),
(404, 305, 'waiting', '00:00:57', 1),
(405, 305, 'processing', '00:00:05', 1),
(406, 304, 'waiting', '00:03:48', 1),
(407, 304, 'processing', '00:00:02', 1),
(408, 304, 'delivery', '00:07:13', 1),
(409, 304, 'payment', '00:00:20', 1),
(410, 306, 'waiting', '00:00:51', 1),
(411, 301, 'delivery', '00:43:15', 1),
(412, 301, 'payment', '00:00:08', 1),
(413, 270, 'processing', '00:47:49', 1),
(414, 271, 'processing', '00:52:19', 1),
(415, 307, 'waiting', '00:01:46', 1),
(416, 276, 'processing', '00:55:50', 1),
(417, 303, 'waiting', '00:50:45', 1),
(418, 308, 'waiting', '00:00:28', 1),
(419, 299, 'waiting', '00:10:21', 1),
(420, 294, 'waiting', '00:41:17', 1),
(421, 288, 'waiting', '00:13:31', 1),
(422, 288, 'processing', '00:00:10', 1),
(423, 286, 'waiting', '00:53:46', 1),
(424, 309, 'waiting', '00:02:18', 1),
(425, 309, 'processing', '00:00:03', 1),
(426, 309, 'delivery', '00:03:30', 1),
(427, 309, 'payment', '00:00:03', 1),
(428, 310, 'waiting', '00:02:04', 1),
(429, 310, 'processing', '00:00:02', 1),
(430, 310, 'delivery', '00:00:27', 1),
(431, 310, 'payment', '00:00:08', 1),
(432, 284, 'processing', '00:33:00', 1),
(433, 314, 'waiting', '00:00:46', 1),
(434, 314, 'processing', '00:00:06', 1),
(435, 314, 'finished', '00:00:35', 1),
(436, 316, 'waiting', '00:01:32', 1),
(437, 316, 'processing', '00:00:03', 1),
(438, 316, 'finished', '00:00:22', 1),
(439, 318, 'waiting', '00:00:18', 1),
(440, 293, 'waiting', '00:44:08', 1),
(441, 293, 'processing', '00:00:03', 1),
(442, 317, 'waiting', '00:01:46', 1),
(443, 317, 'processing', '00:00:09', 1),
(444, 317, 'finished', '00:00:29', 1),
(445, 298, 'delivery', '00:10:37', 1),
(446, 320, 'waiting', '00:01:12', 1),
(447, 320, 'processing', '00:00:02', 1),
(448, 320, 'delivery', '00:00:38', 1),
(449, 320, 'payment', '00:00:13', 1),
(450, 321, 'waiting', '00:00:24', 1),
(451, 321, 'processing', '00:00:02', 1),
(452, 321, 'delivery', '00:00:36', 1),
(453, 321, 'payment', '00:00:09', 1),
(454, 322, 'waiting', '00:10:31', 1),
(455, 322, 'processing', '00:17:12', 1),
(456, 322, 'delivery', '00:03:34', 1),
(457, 322, 'payment', '00:00:18', 1),
(458, 323, 'waiting', '00:00:41', 1),
(459, 323, 'processing', '00:00:20', 1),
(460, 246, 'processing', '00:20:11', 1),
(461, 273, 'processing', '00:32:31', 1),
(462, 250, 'processing', '00:48:01', 1),
(463, 248, 'processing', '00:27:05', 1),
(464, 286, 'processing', '00:14:49', 1),
(465, 277, 'waiting', '00:27:11', 1),
(466, 277, 'processing', '00:00:01', 1),
(467, 291, 'waiting', '00:05:21', 1),
(468, 291, 'processing', '00:00:01', 1),
(469, 324, 'waiting', '00:00:22', 1),
(470, 311, 'waiting', '00:06:31', 1),
(471, 324, 'processing', '00:00:59', 1),
(472, 324, 'delivery', '00:00:21', 1),
(473, 324, 'payment', '00:00:05', 1),
(474, 306, 'processing', '00:22:33', 1),
(475, 294, 'processing', '00:56:51', 1),
(476, 307, 'processing', '00:07:16', 1),
(477, 289, 'processing', '00:06:44', 1),
(478, 299, 'processing', '00:01:14', 1),
(479, 325, 'waiting', '00:00:09', 1),
(480, 325, 'processing', '00:00:53', 1),
(481, 325, 'delivery', '00:03:34', 1),
(482, 325, 'payment', '00:00:11', 1),
(483, 326, 'waiting', '00:00:16', 1),
(484, 326, 'processing', '00:01:50', 1),
(485, 327, 'waiting', '00:00:13', 1),
(486, 327, 'processing', '00:00:11', 1),
(487, 327, 'delivery', '00:01:54', 1),
(488, 327, 'payment', '00:00:13', 1),
(489, 326, 'delivery', '00:06:59', 1),
(490, 326, 'payment', '00:00:34', 1),
(491, 299, 'delivery', '00:23:34', 1),
(492, 299, 'payment', '00:00:07', 1),
(493, 308, 'processing', '00:32:04', 1),
(494, 328, 'waiting', '00:00:07', 1),
(495, 328, 'processing', '00:00:03', 1),
(496, 328, 'delivery', '00:00:23', 1),
(497, 328, 'payment', '00:00:09', 1),
(498, 329, 'waiting', '00:00:07', 1),
(499, 329, 'processing', '00:00:07', 1),
(500, 329, 'delivery', '00:00:27', 1),
(501, 330, 'waiting', '00:00:15', 1),
(502, 330, 'processing', '00:00:04', 1),
(503, 330, 'delivery', '00:01:25', 1),
(504, 300, 'processing', '00:58:00', 1),
(505, 300, 'delivery', '00:01:00', 1),
(506, 300, 'payment', '00:00:06', 1),
(507, 331, 'waiting', '00:00:07', 1),
(508, 331, 'processing', '00:00:03', 1),
(509, 332, 'waiting', '00:00:05', 1),
(510, 332, 'processing', '00:00:04', 1),
(511, 333, 'waiting', '00:00:21', 1),
(512, 333, 'processing', '00:00:04', 1),
(513, 313, 'waiting', '00:35:36', 1),
(514, 313, 'processing', '00:04:31', 1),
(515, 334, 'waiting', '00:12:23', 1),
(516, 334, 'processing', '00:00:19', 1),
(517, 334, 'delivery', '00:00:41', 1),
(518, 334, 'payment', '00:00:16', 1),
(519, 330, 'payment', '00:57:14', 1),
(520, 335, 'waiting', '00:01:13', 1),
(521, 335, 'processing', '00:00:03', 1),
(522, 337, 'waiting', '00:00:39', 1),
(523, 337, 'processing', '00:00:01', 1),
(524, 336, 'waiting', '00:01:10', 1),
(525, 336, 'processing', '00:00:01', 1),
(526, 337, 'delivery', '00:09:07', 1),
(527, 337, 'payment', '00:00:09', 1),
(528, 335, 'delivery', '00:14:31', 1),
(529, 335, 'payment', '00:00:31', 1),
(530, 338, 'waiting', '00:00:23', 1),
(531, 338, 'processing', '00:00:03', 1),
(532, 336, 'delivery', '00:31:19', 1),
(533, 336, 'payment', '00:00:06', 1),
(534, 339, 'waiting', '00:01:37', 1),
(535, 339, 'processing', '00:00:35', 1),
(536, 339, 'delivery', '00:07:55', 1),
(537, 339, 'payment', '00:00:08', 1),
(538, 340, 'waiting', '00:00:42', 1),
(539, 340, 'processing', '00:06:01', 1),
(540, 340, 'delivery', '00:01:15', 1),
(541, 341, 'waiting', '00:03:38', 1),
(542, 341, 'processing', '00:00:05', 1),
(543, 342, 'waiting', '00:00:30', 1),
(544, 342, 'processing', '00:00:06', 1),
(545, 342, 'delivery', '00:01:25', 1),
(546, 343, 'waiting', '00:00:37', 1),
(547, 343, 'processing', '00:00:17', 1),
(548, 344, 'waiting', '00:00:50', 1),
(549, 344, 'processing', '00:00:03', 1),
(550, 311, 'processing', '00:21:23', 1),
(551, 312, 'waiting', '00:25:07', 1),
(552, 312, 'processing', '00:00:04', 1),
(553, 315, 'waiting', '00:17:42', 1),
(554, 315, 'processing', '00:00:02', 1),
(555, 318, 'processing', '00:14:52', 1),
(556, 343, 'delivery', '00:05:37', 1),
(557, 343, 'payment', '00:00:30', 1),
(558, 308, 'delivery', '00:35:57', 1),
(559, 308, 'payment', '00:00:06', 1),
(560, 313, 'delivery', '00:47:15', 1),
(561, 313, 'payment', '00:00:24', 1),
(562, 312, 'delivery', '00:05:38', 1),
(563, 312, 'payment', '00:00:02', 1),
(564, 293, 'finished', '00:19:53', 1),
(565, 291, 'finished', '00:46:40', 1),
(566, 286, 'finished', '00:46:50', 1),
(567, 318, 'delivery', '00:08:40', 1),
(568, 345, 'waiting', '00:00:33', 1),
(569, 345, 'processing', '00:00:02', 1),
(570, 318, 'payment', '00:00:36', 1),
(571, 315, 'delivery', '00:10:07', 1),
(572, 315, 'payment', '00:00:10', 1),
(573, 347, 'waiting', '00:03:03', 1),
(574, 347, 'processing', '00:00:17', 1),
(575, 284, 'finished', '00:00:30', 1),
(576, 277, 'finished', '00:12:57', 1),
(577, 246, 'finished', '00:13:22', 1),
(578, 347, 'delivery', '00:05:50', 1),
(579, 347, 'payment', '00:00:50', 1),
(580, 348, 'waiting', '00:01:45', 1),
(581, 348, 'processing', '00:01:10', 1),
(582, 348, 'finished', '00:01:12', 1),
(583, 349, 'waiting', '00:00:51', 1),
(584, 349, 'processing', '00:00:35', 1),
(585, 350, 'waiting', '00:01:25', 1),
(586, 350, 'processing', '00:00:04', 1),
(587, 351, 'waiting', '00:00:35', 1),
(588, 351, 'processing', '00:00:06', 1),
(589, 346, 'waiting', '00:35:10', 1),
(590, 346, 'processing', '00:06:17', 1),
(591, 353, 'waiting', '00:00:49', 1),
(592, 353, 'processing', '00:00:17', 1),
(593, 355, 'waiting', '00:00:14', 1),
(594, 354, 'waiting', '00:00:50', 1),
(595, 354, 'processing', '00:01:53', 1),
(596, 352, 'waiting', '00:12:25', 1),
(597, 352, 'processing', '00:00:02', 1),
(598, 355, 'processing', '00:02:06', 1),
(599, 341, 'delivery', '00:48:31', 1),
(600, 341, 'payment', '00:00:02', 1),
(601, 349, 'delivery', '00:31:52', 1),
(602, 349, 'payment', '00:00:01', 1),
(603, 298, 'payment', '00:18:36', 1),
(604, 354, 'delivery', '00:01:41', 1),
(605, 354, 'payment', '00:00:01', 1),
(606, 355, 'delivery', '00:01:48', 1),
(607, 355, 'payment', '00:00:01', 1),
(608, 357, 'waiting', '00:00:23', 1),
(609, 357, 'processing', '00:00:03', 1),
(610, 356, 'waiting', '00:02:37', 1),
(611, 359, 'waiting', '00:01:13', 1),
(612, 359, 'processing', '00:01:40', 1),
(613, 359, 'delivery', '00:01:33', 1),
(614, 359, 'payment', '00:00:22', 1),
(615, 360, 'waiting', '00:01:55', 1),
(616, 357, 'delivery', '00:11:12', 1),
(617, 357, 'payment', '00:00:19', 1),
(618, 358, 'waiting', '00:12:28', 1),
(619, 356, 'processing', '00:11:07', 1),
(620, 363, 'waiting', '00:00:04', 1),
(621, 363, 'processing', '00:02:54', 1),
(622, 366, 'waiting', '00:00:06', 1),
(623, 353, 'delivery', '00:40:33', 1),
(624, 353, 'payment', '00:00:01', 1),
(625, 351, 'delivery', '00:51:41', 1),
(626, 351, 'payment', '00:02:41', 1),
(627, 371, 'waiting', '00:00:26', 1),
(628, 371, 'processing', '00:00:04', 1),
(629, 371, 'delivery', '00:00:24', 1),
(630, 371, 'payment', '00:00:06', 1);

-- --------------------------------------------------------

--
-- Cấu trúc bảng cho bảng `tbl_order_order`
--

CREATE TABLE `tbl_order_order` (
  `id` int(11) UNSIGNED NOT NULL,
  `id_business` int(11) UNSIGNED NOT NULL,
  `id_account` int(11) UNSIGNED NOT NULL,
  `id_customer` int(11) UNSIGNED NOT NULL,
  `order_floor` varchar(10) NOT NULL,
  `order_table` varchar(10) NOT NULL,
  `order_code` varchar(100) CHARACTER SET utf8 NOT NULL,
  `order_status` enum('1','2','3','4','5','6') CHARACTER SET utf8 NOT NULL DEFAULT '1' COMMENT '1: Datmon ; 2:Chebien; 3: Lenmon; 4: ThanhToan; 5:HoanTat; 6: Huy',
  `order_direct_discount` varchar(100) CHARACTER SET utf8 NOT NULL,
  `order_total_cost` varchar(100) CHARACTER SET utf8 NOT NULL DEFAULT '0',
  `order_comment` text CHARACTER SET utf8 DEFAULT NULL,
  `order_created` datetime NOT NULL DEFAULT current_timestamp(),
  `order_check_time` varchar(15) NOT NULL
) ENGINE=InnoDB DEFAULT CHARSET=utf8mb4;

--
-- Đang đổ dữ liệu cho bảng `tbl_order_order`
--

INSERT INTO `tbl_order_order` (`id`, `id_business`, `id_account`, `id_customer`, `order_floor`, `order_table`, `order_code`, `order_status`, `order_direct_discount`, `order_total_cost`, `order_comment`, `order_created`, `order_check_time`) VALUES
(243, 1, 2, 0, 'Mang đi', 'Order 1', 'BMSO10174059', '5', '0', '132000', NULL, '2021-01-09 13:34:19', '1610174164'),
(244, 1, 2, 0, 'Tầng 2', 'Bàn 1', 'BMSO10175032', '5', '0', '142000', NULL, '2021-01-09 13:50:32', '1610180104'),
(245, 1, 2, 2, 'Tầng 2', 'Bàn 2', 'BMSO10175437', '5', '20000', '134000', 'xì cúc', '2021-01-09 13:57:17', '1610175752'),
(246, 1, 2, 0, 'Mang đi', 'Order 2', 'BMSO10175753', '5', '5000', '75000', 'Không lấy hành ngò', '2021-01-09 14:02:33', '1610440601'),
(247, 1, 2, 0, 'Tầng 1', 'Bàn 4', 'BMSO10176022', '5', '0', '154000', NULL, '2021-01-09 14:07:02', '1610179990'),
(248, 1, 2, 0, 'Mang đi', 'Order 3', 'BMSO10176106', '4', '0', '12000', NULL, '2021-01-09 14:08:26', '1610418207'),
(249, 1, 2, 2, 'Tầng 2', 'Bàn 2', 'BMSO10177348', '5', '62000', '100000', NULL, '2021-01-09 14:29:08', '1610178659'),
(250, 1, 2, 2, 'Mang đi', 'Order 6', 'BMSO10177693', '4', '0', '132000', NULL, '2021-01-09 14:34:53', '1610418205'),
(251, 2, 7, 0, 'Tầng 2', 'Bàn 2', 'CHBSO10178725', '6', '', '0', 'àafafafafafa', '2021-01-09 14:52:05', '1610178725'),
(252, 1, 2, 0, 'Tầng 2', 'Bàn 2', 'BMSO10178983', '3', '', '0', NULL, '2021-01-09 14:56:23', '1610179013'),
(253, 1, 2, 0, 'Tầng 2', 'Bàn 3', 'BMSO10178995', '5', '0', '42000', NULL, '2021-01-09 14:56:35', '1610179485'),
(254, 2, 7, 0, 'Tầng 2', 'Bàn 1', 'CHBSO10179501', '1', '', '0', NULL, '2021-01-09 15:05:01', '1610179501'),
(255, 1, 2, 0, 'Tầng 1', 'Bàn 2', 'BMSO10179677', '5', '0', '24000', NULL, '2021-01-09 15:07:57', '1610179924'),
(256, 1, 2, 1, 'Tầng 2', 'Bàn 3', 'BMSO10179816', '5', '0', '42000', NULL, '2021-01-09 15:10:16', '1610180580'),
(257, 1, 2, 0, 'Tầng 1', 'Bàn 2', 'BMSO10180156', '3', '', '0', NULL, '2021-01-09 15:15:56', '1610180927'),
(258, 2, 7, 0, 'Tầng 1', 'Bàn 1', 'CHBSO10180399', '5', '0', '13000', NULL, '2021-01-09 15:19:59', '1610183835'),
(259, 1, 2, 0, 'Tầng 1', 'Bàn 1', 'BMSO10180773', '3', '', '0', NULL, '2021-01-09 15:26:13', '1610180907'),
(260, 1, 2, 0, 'Tầng 1', 'Bàn 3', 'BMSO10180800', '5', '0', '50000', NULL, '2021-01-09 15:26:40', '1610187723'),
(261, 1, 2, 1, 'Tầng 1', 'Bàn 4', 'BMSO10180864', '5', '2000', '40000', NULL, '2021-01-09 15:27:44', '1610187778'),
(262, 1, 2, 2, 'Tầng 1', 'Bàn 5', 'BMSO10180874', '5', '0', '42000', NULL, '2021-01-09 15:27:54', '1610181463'),
(263, 1, 2, 0, 'Tầng 1', 'Bàn 6', 'BMSO10180884', '5', '0', '12000', NULL, '2021-01-09 15:28:04', '1610181077'),
(264, 2, 7, 0, 'Tầng 2', 'Bàn 1', 'CHBSO10181128', '1', '0', '26000', NULL, '2021-01-09 15:32:08', '1610181128'),
(265, 2, 7, 0, 'Mang đi', 'Bàn 2', 'CHBSO10182478', '5', '0', '13000', NULL, '2021-01-09 15:54:38', '1610183635'),
(266, 2, 7, 0, 'Mang đi', 'Bàn 2', 'CHBSO10183976', '5', '0', '13000', NULL, '2021-01-09 16:19:36', '1610183998'),
(267, 2, 7, 26, 'Tầng 1', 'Bàn 2', 'CHBSO10184019', '5', '0', '46000', NULL, '2021-01-09 16:20:19', '1610184081'),
(268, 2, 7, 26, 'Tầng 2', 'Bàn 2', 'CHBSO10184352', '5', '0', '13000', NULL, '2021-01-09 16:25:52', '1610184401'),
(269, 2, 7, 26, 'Tầng 1', 'Bàn 2', 'CHBSO10184586', '5', '0', '10000', NULL, '2021-01-09 16:29:46', '1610185201'),
(270, 1, 2, 0, 'Mang đi', 'Order 4', 'BMSO10184648', '4', '0', '118000', NULL, '2021-01-09 16:30:48', '1610354948'),
(271, 1, 2, 0, 'Mang đi', 'Order 5', 'BMSO10185194', '4', '0', '16000', NULL, '2021-01-09 16:39:54', '1610355214'),
(272, 2, 7, 26, 'Tầng 1', 'Bàn 2', 'CHBSO10185405', '5', '', '13000', NULL, '2021-01-09 16:43:25', '1610185796'),
(273, 1, 2, 0, 'Mang đi', 'Order 7', 'BMSO10185707', '4', '20000', '125000', NULL, '2021-01-09 16:48:27', '1610418202'),
(274, 2, 7, 0, 'Tầng 2', 'Bàn 2', 'CHBSO10185721', '1', '', '0', NULL, '2021-01-09 16:48:41', '1610185721'),
(275, 2, 7, 0, 'Tầng 1', 'Bàn 2', 'CHBSO10185865', '1', '', '0', NULL, '2021-01-09 16:51:05', '1610185865'),
(276, 1, 2, 0, 'Mang đi', 'Order 8', 'BMSO10185930', '4', '0', '118000', NULL, '2021-01-09 16:52:10', '1610355422'),
(277, 1, 2, 1, 'Mang đi', 'Order 9', 'BMSO10186182', '5', '0', '422000', NULL, '2021-01-09 16:56:22', '1610440591'),
(278, 2, 7, 0, 'Tầng 2', 'Bàn 2', 'CHBSO10186304', '1', '', '0', NULL, '2021-01-09 16:58:24', '1610186304'),
(279, 1, 2, 1, 'Tầng 2', 'Bàn 1', 'BMSO10188118', '5', '2000', '28000', NULL, '2021-01-09 17:28:38', '1610188180'),
(280, 1, 2, 1, 'Tầng 1', 'Bàn 1', 'BMSO10330463', '5', '2000', '28000', 'Buổi sáng vui vẻ', '2021-01-11 09:01:03', '1610330618'),
(281, 3, 9, 29, 'Tầng 1', 'Bàn 1', 'CHPSO10335607', '5', '0', '25000', NULL, '2021-01-11 10:26:47', '1610339810'),
(282, 3, 9, 28, 'Tầng 1', 'Bàn 2', 'CHPSO10337183', '5', '0', '20000', 'Ít đá', '2021-01-11 10:53:03', '1610338482'),
(283, 1, 2, 27, 'Mang đi', 'số 11', 'BMSO10337468', '3', '20000', '135000', 'ko lấy đá', '2021-01-11 10:57:48', '1610339086'),
(284, 1, 2, 0, 'Mang đi', 'số 12', 'BMSO10337789', '5', '0', '75000', NULL, '2021-01-11 11:03:09', '1610440574'),
(285, 1, 2, 0, 'Mang đi', 'số 13', 'BMSO10337919', '3', '0', '70000', NULL, '2021-01-11 11:05:19', '1610339485'),
(286, 1, 2, 27, 'Mang đi', 'số 14', 'BMSO10338496', '5', '5500', '49500', 'cá', '2021-01-11 11:14:56', '1610439021'),
(287, 3, 9, 29, 'Tầng 1', 'Bàn 1', 'CHPSO10340783', '5', '0', '45000', 'Ít đá', '2021-01-11 11:53:03', '1610340836'),
(288, 1, 2, 0, 'Tầng 1', 'Bàn 1', 'BMSO10340875', '3', '', '0', NULL, '2021-01-11 11:54:35', '1610356096'),
(289, 1, 2, 0, 'Tầng 1', 'số 12', 'BMSO10341133', '3', '', '0', NULL, '2021-01-11 11:58:53', '1610420576'),
(290, 2, 7, 26, 'Tầng 1', 'Bàn 1', 'CHBSO10345540', '5', '0', '13000', NULL, '2021-01-11 13:12:20', '1610346548'),
(291, 1, 2, 0, 'Mang đi', 'số 15', 'BMSO10345895', '5', '0', '15000', NULL, '2021-01-11 13:18:15', '1610439017'),
(292, 1, 2, 0, 'Tầng 3', 'Bàn 1', 'BMSO10347397', '5', '0', '35000', NULL, '2021-01-11 13:43:17', '1610349770'),
(293, 1, 2, 0, 'Mang đi', 'số 16', 'BMSO10348769', '5', '0', '95000', NULL, '2021-01-11 14:06:09', '1610439013'),
(294, 1, 2, 0, 'Tầng 1', 'Bàn 3', 'BMSO10349870', '3', '', '0', NULL, '2021-01-11 14:24:30', '1610420558'),
(295, 1, 2, 1, 'Tầng 3', 'Bàn 1', 'BMSO10349910', '5', '0', '35000', NULL, '2021-01-11 14:25:10', '1610350279'),
(296, 1, 2, 0, 'Mang đi 2', 'Bàn 1', 'BMSO10350770', '4', '0', '15000', NULL, '2021-01-11 14:39:30', '1610351225'),
(297, 1, 2, 24, 'Mang đi 2', 'Bàn 2', 'BMSO10351090', '4', '0', '15000', 'Ít đá', '2021-01-11 14:44:50', '1610351187'),
(298, 1, 2, 0, 'Tầng 1', 'Bàn 4', 'BMSO10351252', '5', '0', '20000', NULL, '2021-01-11 14:47:32', '1610443349'),
(299, 1, 2, 0, 'Tầng 1', 'Bàn 5', 'BMSO10351485', '5', '0', '15000', NULL, '2021-01-11 14:51:25', '1610422001'),
(300, 1, 2, 1, 'Tầng 1', 'Bàn 7', 'BMSO10351710', '5', '2000', '18000', NULL, '2021-01-11 14:55:10', '1610424079'),
(301, 1, 2, 0, 'Tầng 1', 'Bàn 7', 'BMSO10351810', '5', '10000', '90000', NULL, '2021-01-11 14:56:50', '1610354473'),
(302, 1, 2, 0, 'Tầng 3', 'Bàn 1', 'BMSO10351987', '5', '0', '80000', 'Traf suax its ddas', '2021-01-11 14:59:47', '1610353439'),
(303, 1, 2, 0, 'Tầng 1', 'Bàn 2', 'BMSO10352413', '2', '', '0', NULL, '2021-01-11 15:06:53', '1610355458'),
(304, 1, 2, 0, 'Tầng 3', 'Bàn 2', 'BMSO10353535', '5', '0', '60000', 'Tra it da', '2021-01-11 15:25:35', '1610354218'),
(305, 1, 2, 0, 'Mang đi 2', 'Bàn 3', 'BMSO10353660', '4', '0', '110000', 'Không bỏ ớt', '2021-01-11 15:27:40', '1610353722'),
(306, 1, 2, 0, 'Tầng 3', 'Bàn 1', 'BMSO10354236', '3', '0', '35000', NULL, '2021-01-11 15:37:16', '1610420440'),
(307, 1, 2, 0, 'Tầng 3', 'Bàn 2', 'BMSO10355218', '3', '', '0', NULL, '2021-01-11 15:53:38', '1610420560'),
(308, 1, 2, 0, 'Tầng 3', 'Bàn 10', 'BMSO10355616', '5', '0', '15000', NULL, '2021-01-11 16:00:16', '1610438931'),
(309, 1, 2, 0, 'Tầng 1', 'Bàn 8', 'BMSO10356918', '5', '0', '45000', NULL, '2021-01-11 16:21:58', '1610357272'),
(310, 1, 2, 0, 'Tầng 1', 'Bàn 9', 'BMSO10357320', '5', '0', '75000', NULL, '2021-01-11 16:28:40', '1610357481'),
(311, 1, 2, 0, 'Tầng 3', 'Bàn 3', 'BMSO10357773', '3', '', '0', NULL, '2021-01-11 16:36:13', '1610438647'),
(312, 1, 2, 0, 'Tầng 3', 'Bàn 12', 'BMSO10357953', '5', '0', '30000', 'Của diễm đang test nhé', '2021-01-11 16:39:13', '1610439004'),
(313, 1, 2, 0, 'Tầng 3', 'Bàn 11', 'BMSO10358120', '5', '0', '5000', 'Diễm test', '2021-01-11 16:42:00', '1610438986'),
(314, 1, 2, 0, 'Mang đi', 'số 20', 'BMSO10358268', '5', '0', '40000', NULL, '2021-01-11 16:44:28', '1610358355'),
(315, 1, 2, 0, 'Tầng 3', 'Bàn 20', 'BMSO10358404', '5', '0', '20000', 'Diễm test', '2021-01-11 16:46:44', '1610439285'),
(316, 1, 2, 0, 'Mang đi', 'số 20', 'BMSO10358428', '5', '0', '25000', NULL, '2021-01-11 16:47:08', '1610358545'),
(317, 1, 2, 0, 'Mang đi', 'số 20', 'BMSO10358559', '5', '0', '15000', NULL, '2021-01-11 16:49:19', '1610358703'),
(318, 1, 2, 0, 'Tầng 3', 'Bàn 19', 'BMSO10358565', '5', '0', '20000', 'D test', '2021-01-11 16:49:25', '1610439231'),
(319, 1, 2, 0, 'Tầng 1', 'Bàn 10', 'BMSO10358785', '6', '', '0', 'Phi yêu cầu', '2021-01-11 16:53:05', '1610358785'),
(320, 1, 2, 0, 'Tầng 1', 'Bàn 1', 'BMSO10359496', '5', '5000', '55000', NULL, '2021-01-11 17:04:56', '1610359621'),
(321, 1, 2, 2, 'Tầng 2', 'Bàn 1', 'BMSO10360447', '5', '30000', '200000', NULL, '2021-01-11 17:20:47', '1610360518'),
(322, 1, 2, 30, 'Tầng 3', 'Bàn 1', 'BMSO10416198', '5', '3500', '66500', NULL, '2021-01-12 08:49:58', '1610418093'),
(323, 1, 2, 0, 'Tầng 2', 'Bàn 20', 'BMSO10418121', '3', '', '0', NULL, '2021-01-12 09:22:01', '1610418182'),
(324, 1, 2, 0, 'Tầng 1', 'Bàn 8', 'BMSO10419332', '5', '0', '40000', NULL, '2021-01-12 09:42:12', '1610419439'),
(325, 1, 2, 0, 'Tầng 1', 'Bàn 8', 'BMSO10420635', '5', '5000', '180000', NULL, '2021-01-12 10:03:55', '1610420922'),
(326, 1, 2, 0, 'Tầng 1', 'Bàn 8', 'BMSO10421367', '5', '0', '75000', NULL, '2021-01-12 10:16:07', '1610421946'),
(327, 1, 2, 0, 'Tầng 1', 'Bàn 9', 'BMSO10421703', '5', '0', '120000', NULL, '2021-01-12 10:21:43', '1610421854'),
(328, 1, 2, 0, 'Tầng 1', 'Bàn 1', 'BMSO10422428', '5', '5000', '180000', NULL, '2021-01-12 10:33:48', '1610422470'),
(329, 1, 2, 0, 'Tầng 1', 'Bàn 2', 'BMSO10423077', '4', '0', '20000', NULL, '2021-01-12 10:44:37', '1610423118'),
(330, 1, 2, 0, 'Tầng 1', 'Bàn 9', 'BMSO10423322', '5', '0', '50000', NULL, '2021-01-12 10:48:42', '1610426860'),
(331, 1, 2, 0, 'Tầng 1', 'Bàn 7', 'BMSO10424719', '3', '', '0', NULL, '2021-01-12 11:11:59', '1610424729'),
(332, 1, 2, 0, 'Tầng 1', 'Bàn 8', 'BMSO10424791', '3', '', '0', NULL, '2021-01-12 11:13:11', '1610424800'),
(333, 1, 2, 0, 'Tầng 2', 'Bàn 1', 'BMSO10424938', '3', '', '0', NULL, '2021-01-12 11:15:38', '1610424963'),
(334, 1, 2, 0, 'Tầng 3', 'Bàn 1', 'BMSO10425673', '5', '0', '140000', 'VuDucSon', '2021-01-12 11:27:53', '1610426492'),
(335, 1, 2, 23, 'Tầng 4', 'Bàn 1', 'BMSO10432273', '5', '5500', '104500', NULL, '2021-01-12 13:17:53', '1610433251'),
(336, 1, 2, 23, 'Tầng 4', 'Bàn 2', 'BMSO10432292', '5', '4000', '30000', NULL, '2021-01-12 13:18:12', '1610434248'),
(337, 1, 2, 25, 'Tầng 4', 'Bàn 3', 'BMSO10432316', '5', '60000', '100000', 'nhanh nha', '2021-01-12 13:18:36', '1610432912'),
(338, 1, 2, 0, 'Tầng 2', 'Bàn 1', 'BMSO10433380', '3', '', '0', NULL, '2021-01-12 13:36:20', '1610433406'),
(339, 1, 2, 31, 'Tầng 3', 'Bàn 1', 'BMSO10434710', '5', '0', '63000', NULL, '2021-01-12 13:58:30', '1610435325'),
(340, 1, 2, 0, 'Tầng 3', 'Bàn 2', 'BMSO10435607', '4', '0', '15000', NULL, '2021-01-12 14:13:27', '1610436085'),
(341, 1, 2, 0, 'Tầng 1', 'Bàn 2', 'BMSO10436593', '5', '0', '45000', NULL, '2021-01-12 14:29:53', '1610443329'),
(342, 1, 2, 0, 'Tầng 1', 'Bàn 1', 'BMSO10436887', '4', '0', '30000', NULL, '2021-01-12 14:34:47', '1610437008'),
(343, 1, 2, 34, 'Tầng 3', 'Bàn 3', 'BMSO10438400', '5', '0', '35000', NULL, '2021-01-12 15:00:00', '1610438821'),
(344, 1, 2, 0, 'Tầng 2', 'Bàn 2', 'BMSO10438542', '3', '', '0', NULL, '2021-01-12 15:02:22', '1610438595'),
(345, 1, 2, 0, 'Tầng 1', 'Bàn 10', 'BMSO10439194', '3', '', '0', NULL, '2021-01-12 15:13:14', '1610439229'),
(346, 1, 2, 0, 'Mang đi 2', 'Bàn 1', 'BMSO10440228', '4', '800', '39200', NULL, '2021-01-12 15:30:28', '1610442715'),
(347, 1, 2, 31, 'Tầng 3', 'Bàn 1', 'BMSO10440330', '5', '0', '82000', 'Vds', '2021-01-12 15:32:10', '1610440930'),
(348, 1, 2, 0, 'Mang đi', 'số 15', 'BMSO10440986', '5', '0', '60000', NULL, '2021-01-12 15:43:06', '1610441233'),
(349, 1, 2, 0, 'Tầng 1', 'Bàn 3', 'BMSO10441336', '5', '0', '50000', NULL, '2021-01-12 15:48:56', '1610443335'),
(350, 1, 2, 0, 'Tầng 2', 'Bàn 3', 'BMSO10441843', '3', '', '0', NULL, '2021-01-12 15:57:23', '1610441932'),
(351, 1, 2, 0, 'Tầng 1', 'Bàn 5', 'BMSO10442182', '5', '0', '30000', 'ngọt', '2021-01-12 16:03:02', '1610445485'),
(352, 1, 2, 0, 'Tầng 2', 'Bàn 20', 'BMSO10442548', '3', '', '0', 'Diễm test', '2021-01-12 16:09:08', '1610443295'),
(353, 1, 2, 0, 'Tầng 1', 'Bàn 9', 'BMSO10442809', '5', '0', '35000', NULL, '2021-01-12 16:13:29', '1610445309'),
(354, 1, 2, 0, 'Tầng 3', 'Bàn 10', 'BMSO10443128', '5', '0', '5000', NULL, '2021-01-12 16:18:48', '1610443393'),
(355, 1, 2, 0, 'Tầng 3', 'Bàn 11', 'BMSO10443157', '5', '0', '40000', 'abx', '2021-01-12 16:19:17', '1610443406'),
(356, 1, 2, 0, 'Tầng 3', 'Bàn 10', 'BMSO10443422', '3', '', '0', NULL, '2021-01-12 16:23:42', '1610444246'),
(357, 1, 2, 0, 'Tầng 1', 'Bàn 1', 'BMSO10443443', '5', '5000', '40000', NULL, '2021-01-12 16:24:03', '1610444160'),
(358, 1, 2, 0, 'Tầng 3', 'Bàn 11', 'BMSO10443455', '2', '', '0', NULL, '2021-01-12 16:24:15', '1610444203'),
(359, 1, 2, 35, 'Tầng 4', 'Bàn 3', 'BMSO10443513', '5', '0', '30000', 'Vu duc son test', '2021-01-12 16:25:13', '1610443801'),
(360, 1, 2, 0, 'Tầng 1', 'Bàn 2', 'BMSO10443968', '2', '', '0', NULL, '2021-01-12 16:32:48', '1610444083'),
(361, 1, 2, 0, 'Tầng 4', 'Bàn 2', 'BMSO10444114', '1', '', '0', NULL, '2021-01-12 16:35:14', '1610444114'),
(362, 1, 2, 0, 'Tầng 1', 'Bàn 1', 'BMSO10444279', '1', '', '0', NULL, '2021-01-12 16:37:59', '1610444279'),
(363, 1, 2, 0, 'Tầng 4', 'Bàn 1', 'BMSO10444318', '3', '', '0', NULL, '2021-01-12 16:38:38', '1610444496'),
(364, 1, 2, 0, 'Tầng 1', 'Bàn 3', 'BMSO10444512', '1', '', '0', NULL, '2021-01-12 16:41:52', '1610444512'),
(365, 1, 2, 0, 'Tầng 4', 'Bàn 3', 'BMSO10444582', '1', '', '0', 'Vds tesst', '2021-01-12 16:43:02', '1610444582'),
(366, 1, 2, 0, 'Tầng 1', 'Bàn 4', 'BMSO10444638', '2', '', '0', 'nchjkk', '2021-01-12 16:43:58', '1610444644'),
(367, 1, 2, 0, 'Tầng 1', 'Bàn 10', 'BMSO10444894', '1', '', '0', NULL, '2021-01-12 16:48:14', '1610444894'),
(368, 1, 2, 0, 'Tầng 1', 'Bàn 5', 'BMSO10445749', '1', '', '0', NULL, '2021-01-12 17:02:29', '1610445749'),
(369, 1, 2, 36, 'Mang đi', 'số 20', 'BMSO10446290', '1', '5000', '50000', NULL, '2021-01-12 17:11:30', '1610446290'),
(370, 1, 2, 36, 'Mang đi', 'Order 2', 'BMSO10446456', '1', '1750', '33250', NULL, '2021-01-12 17:14:16', '1610446456'),
(371, 1, 2, 35, 'Tầng 2', 'Bàn 1', 'BMSO10446519', '5', '10000', '190000', NULL, '2021-01-12 17:15:19', '1610446579'),
(372, 1, 2, 0, 'Tầng 4', 'Bàn 4', 'BMSO10502599', '1', '', '0', 'Vu Duc Son testing', '2021-01-13 08:49:59', '1610502599');

-- --------------------------------------------------------

--
-- Cấu trúc bảng cho bảng `tbl_organization_floor`
--

CREATE TABLE `tbl_organization_floor` (
  `id` int(11) UNSIGNED NOT NULL,
  `id_business` int(11) UNSIGNED NOT NULL,
  `floor_priority` int(11) NOT NULL,
  `floor_title` varchar(100) CHARACTER SET utf8 NOT NULL,
  `floor_type` enum('eat-in','carry-out') NOT NULL
) ENGINE=InnoDB DEFAULT CHARSET=utf8mb4;

--
-- Đang đổ dữ liệu cho bảng `tbl_organization_floor`
--

INSERT INTO `tbl_organization_floor` (`id`, `id_business`, `floor_priority`, `floor_title`, `floor_type`) VALUES
(1, 1, 1, 'Mang đi', 'carry-out'),
(2, 1, 2, 'Tầng 1', 'eat-in'),
(3, 1, 3, 'Tầng 2', 'eat-in'),
(4, 1, 4, 'Tầng 3', 'eat-in'),
(8, 1, 5, 'Tầng 4', 'eat-in'),
(9, 2, 1, 'Mang đi', 'carry-out'),
(10, 2, 2, 'Tầng 1', 'eat-in'),
(11, 2, 3, 'Tầng 2', 'eat-in'),
(12, 3, 1, 'Tầng 1', 'eat-in'),
(13, 3, 2, 'Mang đi', 'carry-out'),
(14, 3, 3, 'Tầng 2', 'eat-in'),
(16, 3, 4, 'Tầng 3', 'eat-in'),
(17, 1, 14, 'Mang đi 2', 'carry-out');

-- --------------------------------------------------------

--
-- Cấu trúc bảng cho bảng `tbl_organization_table`
--

CREATE TABLE `tbl_organization_table` (
  `id` int(11) UNSIGNED NOT NULL,
  `id_floor` int(11) UNSIGNED NOT NULL,
  `table_title` varchar(100) CHARACTER SET utf8 NOT NULL,
  `table_status` enum('empty','full') CHARACTER SET utf8 NOT NULL DEFAULT 'empty',
  `id_business` int(11) UNSIGNED NOT NULL
) ENGINE=InnoDB DEFAULT CHARSET=utf8mb4;

--
-- Đang đổ dữ liệu cho bảng `tbl_organization_table`
--

INSERT INTO `tbl_organization_table` (`id`, `id_floor`, `table_title`, `table_status`, `id_business`) VALUES
(1, 1, 'Order 1', 'full', 1),
(2, 1, 'Order 2', 'full', 1),
(3, 1, 'Order 3', 'full', 1),
(4, 2, 'Bàn 1', 'empty', 1),
(5, 2, 'Bàn 2', 'full', 1),
(6, 2, 'Bàn 3', 'full', 1),
(7, 2, 'Bàn 4', 'full', 1),
(8, 2, 'Bàn 5', 'full', 1),
(9, 2, 'Bàn 6', 'empty', 1),
(10, 2, 'Bàn 7', 'full', 1),
(11, 2, 'Bàn 8', 'full', 1),
(12, 2, 'Bàn 9', 'empty', 1),
(13, 2, 'Bàn 10', 'full', 1),
(14, 3, 'Bàn 1', 'empty', 1),
(15, 3, 'Bàn 2', 'empty', 1),
(16, 3, 'Bàn 3', 'empty', 1),
(17, 3, 'Bàn 4', 'empty', 1),
(18, 3, 'Bàn 5', 'empty', 1),
(19, 3, 'Bàn 6', 'empty', 1),
(20, 3, 'Bàn 7', 'empty', 1),
(21, 3, 'Bàn 8', 'empty', 1),
(22, 3, 'Bàn 9', 'empty', 1),
(23, 3, 'Bàn 10', 'empty', 1),
(24, 3, 'Bàn 11', 'empty', 1),
(25, 3, 'Bàn 12', 'empty', 1),
(26, 3, 'Bàn 13', 'empty', 1),
(27, 3, 'Bàn 14', 'empty', 1),
(28, 3, 'Bàn 15', 'empty', 1),
(29, 3, 'Bàn 16', 'empty', 1),
(30, 3, 'Bàn 17', 'empty', 1),
(31, 3, 'Bàn 18', 'empty', 1),
(32, 3, 'Bàn 19', 'empty', 1),
(33, 3, 'Bàn 20', 'full', 1),
(34, 4, 'Bàn 1', 'empty', 1),
(35, 4, 'Bàn 2', 'empty', 1),
(36, 4, 'Bàn 3', 'empty', 1),
(37, 4, 'Bàn 4', 'empty', 1),
(38, 4, 'Bàn 5', 'empty', 1),
(39, 4, 'Bàn 6', 'empty', 1),
(40, 4, 'Bàn 7', 'empty', 1),
(41, 4, 'Bàn 8', 'empty', 1),
(42, 4, 'Bàn 9', 'empty', 1),
(43, 4, 'Bàn 10', 'full', 1),
(44, 4, 'Bàn 11', 'full', 1),
(45, 4, 'Bàn 12', 'empty', 1),
(46, 4, 'Bàn 13', 'empty', 1),
(47, 4, 'Bàn 14', 'empty', 1),
(48, 4, 'Bàn 15', 'empty', 1),
(49, 4, 'Bàn 16', 'empty', 1),
(50, 4, 'Bàn 17', 'empty', 1),
(51, 4, 'Bàn 18', 'empty', 1),
(52, 4, 'Bàn 19', 'empty', 1),
(53, 4, 'Bàn 20', 'empty', 1),
(54, 1, 'Order 4', 'full', 1),
(55, 8, 'Bàn 1', 'empty', 1),
(56, 1, 'Order 5', 'full', 1),
(57, 1, 'Order 6', 'full', 1),
(58, 1, 'Order 7', 'full', 1),
(59, 1, 'Order 8', 'full', 1),
(60, 1, 'Order 9', 'empty', 1),
(61, 1, 'Order 10', 'empty', 1),
(62, 11, 'Bàn 1', 'empty', 2),
(63, 11, 'Bàn 2', 'empty', 2),
(64, 10, 'Bàn 1', 'empty', 2),
(65, 10, 'Bàn 2', 'empty', 2),
(66, 9, 'Bàn 1', 'empty', 2),
(67, 9, 'Bàn 2', 'empty', 2),
(68, 9, 'Bàn 3', 'empty', 2),
(69, 11, 'Bàn 3', 'empty', 2),
(70, 11, 'Bàn 4', 'empty', 2),
(71, 10, 'Bàn 3', 'empty', 2),
(72, 12, 'Bàn 1', 'empty', 3),
(73, 12, 'Bàn 2', 'empty', 3),
(74, 12, 'Bàn 3', 'empty', 3),
(75, 13, 'Bàn Mang Đi 1', 'empty', 3),
(76, 13, 'Bàn Mang Đi 2', 'empty', 3),
(77, 14, 'Bàn 1', 'empty', 3),
(78, 14, 'Bàn 2', 'empty', 3),
(79, 13, 'Bàn mang đi 10', 'empty', 3),
(80, 16, 'Bàn 1', 'empty', 3),
(81, 16, 'Bàn 2', 'empty', 3),
(83, 16, 'Bàn 3', 'empty', 3),
(85, 14, 'Bàn 3', 'empty', 3),
(86, 14, 'Bàn 6', 'empty', 3),
(87, 1, 'số 11', 'full', 1),
(88, 1, 'số 12', 'empty', 1),
(89, 1, 'số 13', 'full', 1),
(90, 1, 'số 14', 'empty', 1),
(91, 1, 'số 15', 'empty', 1),
(92, 1, 'số 16', 'empty', 1),
(93, 1, 'số 17', 'empty', 1),
(94, 1, 'số 18', 'empty', 1),
(95, 1, 'số 19', 'empty', 1),
(96, 1, 'số 20', 'full', 1),
(97, 17, 'Bàn 1', 'empty', 1),
(98, 17, 'Bàn 2', 'empty', 1),
(99, 17, 'Bàn 3', 'empty', 1),
(100, 8, 'Bàn 2', 'full', 1),
(101, 8, 'Bàn 3', 'full', 1),
(102, 8, 'Bàn 4', 'full', 1),
(103, 17, 'Bàn 4', 'empty', 1);

-- --------------------------------------------------------

--
-- Cấu trúc bảng cho bảng `tbl_product_category`
--

CREATE TABLE `tbl_product_category` (
  `id` int(11) UNSIGNED NOT NULL,
  `id_business` int(11) UNSIGNED NOT NULL,
  `category_icon` varchar(200) CHARACTER SET utf8 NOT NULL,
  `category_title` varchar(200) CHARACTER SET utf8 NOT NULL
) ENGINE=InnoDB DEFAULT CHARSET=utf8mb4;

--
-- Đang đổ dữ liệu cho bảng `tbl_product_category`
--

INSERT INTO `tbl_product_category` (`id`, `id_business`, `category_icon`, `category_title`) VALUES
(1, 1, 'images/product_category/897098946.jpeg', 'Món khai vị'),
(2, 1, 'images/product_category/897098946.jpeg', 'Món chính'),
(3, 1, 'images/product_category/897098946.jpeg', 'Tráng miệng'),
(4, 1, 'images/product_category/897098946.jpeg', 'Thức uống'),
(6, 2, 'images/product_category/1498929859.png', 'Món chính'),
(7, 2, 'images/product_category/906596597.png', 'Thức uống'),
(8, 1, 'images/product_category/897098946.jpeg', 'Danh mục mới'),
(10, 2, 'images/product_category/2030201127.jpg', 'egsgsgs');

-- --------------------------------------------------------

--
-- Cấu trúc bảng cho bảng `tbl_product_extra`
--

CREATE TABLE `tbl_product_extra` (
  `id` int(11) UNSIGNED NOT NULL,
  `id_product` int(11) UNSIGNED NOT NULL,
  `id_product_extra` int(11) UNSIGNED NOT NULL,
  `id_business` int(10) UNSIGNED NOT NULL
) ENGINE=InnoDB DEFAULT CHARSET=utf8mb4;

--
-- Đang đổ dữ liệu cho bảng `tbl_product_extra`
--

INSERT INTO `tbl_product_extra` (`id`, `id_product`, `id_product_extra`, `id_business`) VALUES
(1, 1, 2, 1),
(3, 1, 3, 1),
(70, 13, 1, 1),
(71, 13, 2, 1),
(72, 13, 3, 1),
(73, 15, 15, 1),
(74, 15, 14, 1),
(75, 15, 13, 1),
(76, 15, 7, 1),
(77, 15, 6, 1),
(98, 19, 6, 1),
(99, 19, 7, 1),
(100, 19, 13, 1),
(101, 19, 14, 1),
(102, 19, 15, 1),
(103, 14, 6, 1),
(104, 14, 7, 1),
(105, 14, 13, 1),
(106, 14, 14, 1),
(113, 23, 23, 1);

-- --------------------------------------------------------

--
-- Cấu trúc bảng cho bảng `tbl_product_product`
--

CREATE TABLE `tbl_product_product` (
  `id` int(11) UNSIGNED NOT NULL,
  `id_business` int(11) UNSIGNED NOT NULL,
  `id_category` int(10) UNSIGNED NOT NULL,
  `id_unit` int(10) UNSIGNED NOT NULL,
  `product_img` varchar(500) CHARACTER SET utf8 NOT NULL,
  `product_title` varchar(200) CHARACTER SET utf8 NOT NULL,
  `product_code` varchar(200) CHARACTER SET utf8 NOT NULL,
  `product_sales_price` varchar(200) CHARACTER SET utf8 NOT NULL,
  `product_description` text CHARACTER SET utf8 NOT NULL,
  `product_point` varchar(100) CHARACTER SET utf8 NOT NULL,
  `product_disable` enum('Y','N','','') CHARACTER SET utf8 NOT NULL DEFAULT 'N',
  `product_sold_out` enum('Y','N','','') NOT NULL DEFAULT 'N'
) ENGINE=InnoDB DEFAULT CHARSET=utf8mb4;

--
-- Đang đổ dữ liệu cho bảng `tbl_product_product`
--

INSERT INTO `tbl_product_product` (`id`, `id_business`, `id_category`, `id_unit`, `product_img`, `product_title`, `product_code`, `product_sales_price`, `product_description`, `product_point`, `product_disable`, `product_sold_out`) VALUES
(1, 1, 1, 1, 'images/product_category/1425784471.png', 'Bánh mì không', 'BMK', '10000', 'bánh mì thơm ngon nhiều tiền nhiều ổ', '70', 'Y', 'N'),
(2, 1, 2, 1, 'images/product_category/1425784471.png', 'Bánh mì chả cá', 'BMCC', '10000', 'bánh mì thơm ngon nhiều tiền nhiều ổ', '80', 'Y', 'N'),
(3, 1, 2, 1, 'images/product_category/1425784471.png', 'Bánh mì thịt bò', 'BMTB', '10000', 'bánh mì thơm ngon nhiều tiền nhiều ổ', '90', 'Y', 'N'),
(4, 1, 3, 1, 'images/product_category/1425784471.png', 'Chả cá', 'CC', '30000', 'topping rẻ', '20', 'Y', 'N'),
(5, 1, 4, 1, 'images/product_category/1425784471.png', 'Dưa leo', 'DL', '3000', 'topping rẻ', '20', 'N', 'N'),
(6, 1, 3, 1, 'images/product_category/1425784471.png', 'Dưa chuôt', 'DC', '3000', 'topping rẻ', '20', 'Y', 'N'),
(7, 1, 4, 1, 'images/product_category/1425784471.png', 'Trứng', 'TR', '3000', 'topping rẻ', '20', 'Y', 'N'),
(13, 1, 2, 1, 'images/product_category/1425784471.png', 'Bánh mì xíu mại', 'BMXM', '100000', 'hello xu', '3000', 'Y', 'N'),
(14, 1, 4, 2, 'images/product_category/1425784471.png', 'Bánh mì cá hộp', 'BMCH', '10000', 'hello', '70', 'N', 'Y'),
(15, 1, 4, 1, 'images/product_category/1425784471.png', 'Cốc cốc', 'SP110', '20000', 'Admin', '100', 'N', 'N'),
(16, 1, 3, 3, 'images/product_category/1425784471.png', 'Trân Châu', 'TC123', '12000', 'trân châu', '600', 'Y', 'N'),
(19, 1, 3, 2, 'images/product_category/1425784471.png', 'Khoai môn', 'KM', '12000', 'khoai môn', '500', 'N', 'N'),
(20, 2, 1, 1, 'images/product_category/1425784471.png', 'Bánh mì không', 'BMK', '10000', 'bánh mì thơm ngon nhiều tiền nhiều ổ', '70', 'N', 'N'),
(21, 2, 3, 1, 'images/product_category/1425784471.png', 'Dưa chuôt', 'DC', '3000', 'topping rẻ', '20', 'N', 'N'),
(23, 1, 4, 2, 'images/product_category/1425784471.png', 'Trà thái xanh', 'TTX', '25000', 'ngon - bổ - rẻ', '500', 'N', 'N'),
(24, 1, 4, 2, 'images/product_category/1425784471.png', 'Hồng trà', 'HT', '20000', '', '', 'N', 'N'),
(25, 1, 2, 6, 'images/product_category/1425784471.png', 'Cơm gà Hải Nam', 'CG1', '30000', 'cơm gà Hải Nam', '30', 'N', 'N'),
(26, 1, 2, 6, 'images/product_category/1425784471.png', 'Cơm sườn bì chả', 'CSC1', '40000', 'cơm sườn bì chả ngon', '40', 'N', 'N'),
(27, 1, 2, 6, 'images/product_category/1425784471.png', 'Cơm cá khô', 'CCK1', '20000', 'cơm cá khô giòn', '20', 'N', 'N'),
(28, 1, 4, 2, 'images/product_category/1425784471.png', 'Nước sấu Hà Nội', 'NS1', '15000', 'Nước sấu Hà Nội', '15', 'N', 'N'),
(29, 1, 4, 2, 'images/product_category/1425784471.png', 'Trà tắc', 'TT1', '15000', 'Trà tắc ngon mê ly', '15', 'N', 'N'),
(30, 1, 4, 3, 'images/product_category/1425784471.png', 'Trái tắc', 'TT2', '5000', 'Tắc thơm ngon', '5', 'N', 'N'),
(31, 3, 7, 7, 'images/product_category/1425784471.png', 'Trà sữa thái xanh', 'TSTX', '20000', '', '0', 'N', 'N'),
(32, 3, 7, 7, 'images/product_category/1425784471.png', 'Sữa tươi trân châu', 'STTC', '25000', '', '0', 'N', 'N'),
(33, 2, 6, 10, 'images/product_product/1385171743.png', 'Bún bò', 'BB22', '65000', 'thịt bò 100%', '80', 'N', 'N');

-- --------------------------------------------------------

--
-- Cấu trúc bảng cho bảng `tbl_product_unit`
--

CREATE TABLE `tbl_product_unit` (
  `id` int(10) NOT NULL,
  `unit_title` varchar(200) NOT NULL,
  `unit` varchar(200) NOT NULL,
  `id_business` int(10) UNSIGNED NOT NULL
) ENGINE=InnoDB DEFAULT CHARSET=utf8;

--
-- Đang đổ dữ liệu cho bảng `tbl_product_unit`
--

INSERT INTO `tbl_product_unit` (`id`, `unit_title`, `unit`, `id_business`) VALUES
(1, 'Món', 'món', 1),
(2, 'Ly', 'Ly', 1),
(3, 'Kilogam', 'kg', 1),
(4, 'Chiếc', 'chiếc', 1),
(6, 'Dĩa', 'dĩa', 1),
(7, 'Ly', 'ly', 3),
(8, 'Cốc ', 'cốc', 3),
(9, 'Món', 'món', 3),
(10, 'phần', 'p', 2);

--
-- Chỉ mục cho các bảng đã đổ
--

--
-- Chỉ mục cho bảng `tbl_account_account`
--
ALTER TABLE `tbl_account_account`
  ADD PRIMARY KEY (`id`),
  ADD KEY `id_type` (`id_type`,`id_business`);

--
-- Chỉ mục cho bảng `tbl_account_authorize`
--
ALTER TABLE `tbl_account_authorize`
  ADD PRIMARY KEY (`id`),
  ADD KEY `id_admin` (`id_admin`);

--
-- Chỉ mục cho bảng `tbl_account_permission`
--
ALTER TABLE `tbl_account_permission`
  ADD PRIMARY KEY (`id`);

--
-- Chỉ mục cho bảng `tbl_account_type`
--
ALTER TABLE `tbl_account_type`
  ADD PRIMARY KEY (`id`);

--
-- Chỉ mục cho bảng `tbl_app_deploy`
--
ALTER TABLE `tbl_app_deploy`
  ADD PRIMARY KEY (`id`),
  ADD KEY `live_version` (`live_version`);

--
-- Chỉ mục cho bảng `tbl_business_model`
--
ALTER TABLE `tbl_business_model`
  ADD PRIMARY KEY (`id`);

--
-- Chỉ mục cho bảng `tbl_business_store`
--
ALTER TABLE `tbl_business_store`
  ADD PRIMARY KEY (`id`);

--
-- Chỉ mục cho bảng `tbl_customer_customer`
--
ALTER TABLE `tbl_customer_customer`
  ADD PRIMARY KEY (`id`),
  ADD KEY `id_business` (`id_business`,`id_account`);

--
-- Chỉ mục cho bảng `tbl_customer_point`
--
ALTER TABLE `tbl_customer_point`
  ADD PRIMARY KEY (`id`),
  ADD KEY `id_business` (`id_business`);

--
-- Chỉ mục cho bảng `tbl_order_detail`
--
ALTER TABLE `tbl_order_detail`
  ADD PRIMARY KEY (`id`),
  ADD KEY `id_order` (`id_order`,`id_product`);

--
-- Chỉ mục cho bảng `tbl_order_log`
--
ALTER TABLE `tbl_order_log`
  ADD PRIMARY KEY (`id`),
  ADD KEY `id_order` (`id_order`);

--
-- Chỉ mục cho bảng `tbl_order_order`
--
ALTER TABLE `tbl_order_order`
  ADD PRIMARY KEY (`id`),
  ADD KEY `id_business` (`id_business`,`id_account`,`id_customer`);

--
-- Chỉ mục cho bảng `tbl_organization_floor`
--
ALTER TABLE `tbl_organization_floor`
  ADD PRIMARY KEY (`id`),
  ADD KEY `id_business` (`id_business`);

--
-- Chỉ mục cho bảng `tbl_organization_table`
--
ALTER TABLE `tbl_organization_table`
  ADD PRIMARY KEY (`id`),
  ADD KEY `id_floor` (`id_floor`);

--
-- Chỉ mục cho bảng `tbl_product_category`
--
ALTER TABLE `tbl_product_category`
  ADD PRIMARY KEY (`id`),
  ADD KEY `id_business` (`id_business`);

--
-- Chỉ mục cho bảng `tbl_product_extra`
--
ALTER TABLE `tbl_product_extra`
  ADD PRIMARY KEY (`id`),
  ADD KEY `id_product` (`id_product`,`id_product_extra`);

--
-- Chỉ mục cho bảng `tbl_product_product`
--
ALTER TABLE `tbl_product_product`
  ADD PRIMARY KEY (`id`),
  ADD KEY `id_business` (`id_business`);

--
-- Chỉ mục cho bảng `tbl_product_unit`
--
ALTER TABLE `tbl_product_unit`
  ADD PRIMARY KEY (`id`);

--
-- AUTO_INCREMENT cho các bảng đã đổ
--

--
-- AUTO_INCREMENT cho bảng `tbl_account_account`
--
ALTER TABLE `tbl_account_account`
  MODIFY `id` int(11) UNSIGNED NOT NULL AUTO_INCREMENT, AUTO_INCREMENT=14;

--
-- AUTO_INCREMENT cho bảng `tbl_account_authorize`
--
ALTER TABLE `tbl_account_authorize`
  MODIFY `id` int(11) UNSIGNED NOT NULL AUTO_INCREMENT, AUTO_INCREMENT=114;

--
-- AUTO_INCREMENT cho bảng `tbl_account_permission`
--
ALTER TABLE `tbl_account_permission`
  MODIFY `id` int(11) UNSIGNED NOT NULL AUTO_INCREMENT, AUTO_INCREMENT=15;

--
-- AUTO_INCREMENT cho bảng `tbl_account_type`
--
ALTER TABLE `tbl_account_type`
  MODIFY `id` int(11) UNSIGNED NOT NULL AUTO_INCREMENT, AUTO_INCREMENT=4;

--
-- AUTO_INCREMENT cho bảng `tbl_app_deploy`
--
ALTER TABLE `tbl_app_deploy`
  MODIFY `id` int(11) UNSIGNED NOT NULL AUTO_INCREMENT;

--
-- AUTO_INCREMENT cho bảng `tbl_business_model`
--
ALTER TABLE `tbl_business_model`
  MODIFY `id` int(11) UNSIGNED NOT NULL AUTO_INCREMENT, AUTO_INCREMENT=3;

--
-- AUTO_INCREMENT cho bảng `tbl_business_store`
--
ALTER TABLE `tbl_business_store`
  MODIFY `id` int(11) UNSIGNED NOT NULL AUTO_INCREMENT, AUTO_INCREMENT=5;

--
-- AUTO_INCREMENT cho bảng `tbl_customer_customer`
--
ALTER TABLE `tbl_customer_customer`
  MODIFY `id` int(11) UNSIGNED NOT NULL AUTO_INCREMENT, AUTO_INCREMENT=37;

--
-- AUTO_INCREMENT cho bảng `tbl_customer_point`
--
ALTER TABLE `tbl_customer_point`
  MODIFY `id` int(11) UNSIGNED NOT NULL AUTO_INCREMENT, AUTO_INCREMENT=15;

--
-- AUTO_INCREMENT cho bảng `tbl_order_detail`
--
ALTER TABLE `tbl_order_detail`
  MODIFY `id` int(11) UNSIGNED NOT NULL AUTO_INCREMENT, AUTO_INCREMENT=921;

--
-- AUTO_INCREMENT cho bảng `tbl_order_log`
--
ALTER TABLE `tbl_order_log`
  MODIFY `id` int(11) UNSIGNED NOT NULL AUTO_INCREMENT, AUTO_INCREMENT=631;

--
-- AUTO_INCREMENT cho bảng `tbl_order_order`
--
ALTER TABLE `tbl_order_order`
  MODIFY `id` int(11) UNSIGNED NOT NULL AUTO_INCREMENT, AUTO_INCREMENT=373;

--
-- AUTO_INCREMENT cho bảng `tbl_organization_floor`
--
ALTER TABLE `tbl_organization_floor`
  MODIFY `id` int(11) UNSIGNED NOT NULL AUTO_INCREMENT, AUTO_INCREMENT=18;

--
-- AUTO_INCREMENT cho bảng `tbl_organization_table`
--
ALTER TABLE `tbl_organization_table`
  MODIFY `id` int(11) UNSIGNED NOT NULL AUTO_INCREMENT, AUTO_INCREMENT=104;

--
-- AUTO_INCREMENT cho bảng `tbl_product_category`
--
ALTER TABLE `tbl_product_category`
  MODIFY `id` int(11) UNSIGNED NOT NULL AUTO_INCREMENT, AUTO_INCREMENT=11;

--
-- AUTO_INCREMENT cho bảng `tbl_product_extra`
--
ALTER TABLE `tbl_product_extra`
  MODIFY `id` int(11) UNSIGNED NOT NULL AUTO_INCREMENT, AUTO_INCREMENT=114;

--
-- AUTO_INCREMENT cho bảng `tbl_product_product`
--
ALTER TABLE `tbl_product_product`
  MODIFY `id` int(11) UNSIGNED NOT NULL AUTO_INCREMENT, AUTO_INCREMENT=34;

--
-- AUTO_INCREMENT cho bảng `tbl_product_unit`
--
ALTER TABLE `tbl_product_unit`
  MODIFY `id` int(10) NOT NULL AUTO_INCREMENT, AUTO_INCREMENT=11;
COMMIT;

/*!40101 SET CHARACTER_SET_CLIENT=@OLD_CHARACTER_SET_CLIENT */;
/*!40101 SET CHARACTER_SET_RESULTS=@OLD_CHARACTER_SET_RESULTS */;
/*!40101 SET COLLATION_CONNECTION=@OLD_COLLATION_CONNECTION */;
